grant_id,title,abstract,agency,stratum,human_parent_label
1008724,Chemical Vapor Deposition Fabrication of Nano- and Micro-scale Biomimetic Surfaces,"The objective of this proposed research is to develop an intestinal cell culture substrate to improve the accuracy of in vitro drug transport studies and provide a scaffold for intestinal tissue regeneration. A culture substrate that exactly mimics the natural topography of intestinal basement membrane will be developed, providing essential developmental cues to cells cultured in vitro. Chemical vapor deposition (CVD) will be used to create a silica template of intestinal basement membrane that exactly mimics the native nano- and micro-topography. CVD will be used to caoat the silica mold with a porous biocompatible polymer such as poly(2-hydroxyethyl methacrylate) (pHEMA). This polymer substrate will be separated from the silica mold and used for cell culture. SEM will be used to characterize the silica and pHEMA topology and compare it to native issue. The influence of the topography of the developed device on enterocyte cell phenotype and transport properties will be compared with cells cultured on non-topographically modified surfaces via a variety of assays.This work will result in the development of a cell-based tool for studying transport across the intestinal epithelium, leading to cost and time savings in drug studies, as well as a fundamental understanding of cell-biomaterial interactions and native intestinal function in normal and disease (e.g. colon cancer) states. If successful, this research will significantly reduce the time and development costs for bringing pharmaceuticals to market, as well as make serious contributions to the treatment of numerous intestinal illnesses, including short bowel syndrome, Crohn's disease, and colon cancer. It offers a greatly improved approach to current cell culture techniques through the creation of culture substrates that exactly mimic important features found in vivo, and provides basic scientific insight into the influence of nano- and micro-topography on enterocyte phenotype.",National Science Foundation,NSF|abstract|assigned,Biomedical Sciences
1028812,Collaborative research: ABI Development: Making Advanced Statistical Tools Accessible for Quantitative Research Synthesis and Discovery in Ecology and Evolutionary Biology,"An award is made to build an easy-to-use program for carrying out and teaching meta-analysis in in the fields of ecology and evolution (E&E), by adapting and developing an existing medical meta-analysis program for the unique needs of the scientific community in these fields. Meta-analysis is the quantitative synthesis of independent studies. It has become an important approach for summarizing research results and generalizing from their findings in E&E, as it has in medicine and the social sciences. There is a compelling need for new statistical software for meta-analysis in E&E employing current, cutting edge methodology. Making these statistical tools widely available is highly likely to propel new scientific advances and insights, as did the first generation of meta-analysis software in E&E. This new software, called OpenMeta for Ecology and Evolution (OpenMEE), will be open-source and cross-platform program, will facilitate implementation of statistical methods appropriate for meta-analysis of ecological and evolutionary data, and will include a user interface specifically designed for the unique challenges and conventions of research synthesis in these fields. Then intuitive graphical user interface (GUI) will seamlessly integrate with analytic routines written in the popular open-source statistical programming language R. Novice users will thus be able to take advantage of such routines to carry out sophisticated meta-analyses without needing to know advanced programming. Furthermore, OpenMEE is designed so that those users who are competent programmers can incorporate new statistical developments in a straightforward manner, allowing OpenMEE to be developed and updated indefinitely by the user community. OpenMEE will be introduced with cutting edge statistical developments for meta-analysis in E&E, including complex meta-regression models and phylogenetic analyses. Putting much more powerful tools for quantitative research synthesis into the hands of scientists in E&E will have dramatic effects on research progress in these fields.  The scientists working on this project have a solid record of successfully mentoring high school students, undergraduates, graduate students, and postdoctoral fellows, including those belonging to underrepresented groups, and will continue to work actively to recruit and train people at all of these levels. OpenMEE will be disseminated in workshops and short courses, as well as electronically. In recruiting participants for these courses, the researchers will work to identify and attract graduate students and postdoctoral researchers from underrepresented groups as well as others. they will be able to structure the fees for the courses so as to be able to offer travel fellowships for students lacking support to attend the courses. Finally, underrepresented minority students and others will be recruited for research experience through the NSF&#8208.funded Center for Science and Mathematics Education at Stony Brook University, and by recruiting from the rich resource of the high underrepresented student population at University of South Florida. More information about this project may be found at: http://www.cebm.brown.edu/OpenMEE.",National Science Foundation,NSF|abstract|noise,Environmental Science & Ecology
1035009,EFRI 2-DARE: Two-dimensional nanopores with electro-optical control for next generation biotechnological applications,"Two-dimensional nanopores can be used to sequence DNA molecules by recording the variations in ionic current and photon emission as the molecules thread through the nanopore. The electronic and optical properties of nanopores in sub-nanometer thick films will be investigated with the goals to understand the nanopore interaction with nanometer-sized biological materials, such as DNA, proteins, and viruses, as well as non-biological materials, such as nanoparticles and nanorod-shaped metals. Using a combination of techniques, the nanopore size and composition will be specifically tuned to optimize sensitivity to a particular analyte. Ultrathin pores in freestanding two-dimensional atomically thin membranes are expected to yield optimal optical and electrical signals that will fingerprint specific nanoparticles as they move through the nanopore. The proposed research will advance knowledge and understanding across different fields and contribute to a number of National Academy of Engineering Grand Challenges, including Engineering the Tools of Scientific Discovery, and Engineering Better Medicines and Advance Health Informatics.  Societal impacts include improvement of underrepresented student retention in engineering and science, exposure of K-12 students to state-of-the-art techniques in engineering and science, promoting the participation of women in physics, and training students to make lifelong contributions to technology challenges at the interface of biology, materials science and physics.   Two-dimensional materials beyond graphene, such as transition metal dichalcogenides, possess exciting optical, catalytic, electronic and chemical properties. When these layers contain extended vacancies and form nanoscale nanopores, new and unprecedented physicochemical phenomena are expected. Compared to other solid state nanopores, the benefits of these novel two-dimensional materials in nanoparticle detection, filtration (separation) and analysis, include the potential for improved signal-to-noise ratio, operation at high bandwidths (i.e., sub-microsecond temporal resolution), and the prospect that nanopore perimeters can be bestowed with specific, and potentially reversible, edge/surface functionalities. For example, the optical activation and specific chemical functionalization of nanopores opens the possibility of enhanced control of the particle?s translocation rates. The project will target i) the controlled synthesis and characterization of nanopores in homo/heterostructures of two-dimensional materials, ii) the trapping, fragmentation and translocation of DNA, proteins, and bacteria at specific optical wavelengths and optical powers, iii) laser-induced nanopore activation to reversibly control translocation dynamics as well as the native nanopore fluorescence signal to monitor translocation events, iv) the fabrication of prototype translocation platforms for DNA, bioparticulate analysis, and nanoparticle quantification, and v) the elucidation of the trapping/translocation mechanisms for nanopores with designed edge functionalities.",National Science Foundation,NSF|abstract|noise,Biomedical Sciences
1037087,I-Corps: Networking Medical Implants Through Ultrasounds,"As of today, existing wireless medical implants are connected through radio frequency (RF) electromagnetic waves. RF-based solutions tend to almost blindly scale down traditional wireless technologies (e.g., Wi-Fi, Bluetooth, Zigbee) to the intra-body environment, with little or no attention to the peculiar characteristics and safety requirements of the human body. The human body is in fact composed up to 65% of water, a medium through which RF waves do not propagate well. In addition, the RF frequency spectrum is scarce and already crowded with many devices interfering with one another. Therefore, RF-based technologies raise serious concerns about potential interference from existing RF communication systems that can unintentionally undermine the reliability and security of the implantable network, and ultimately the safety of the patient. This team has developed the ultrasonic wideband (UsWB) technology, a networking platform that enables wireless communications through ultrasounds (i.e., acoustic waves at non-audible frequencies).Ultrasonic wireless communications and networking technology (i.e., based on acoustic waves at non-audible frequencies) is proven to have significant advantages with respect to radio-frequency (RF)-based solutions in the human body. Ultrasounds propagate better than RF waves in human tissues, leading to (i) lower energy consumption and (ii) reduced heating of tissues. Ultrasounds have also been long used for medical imaging and are proven to be safe. And, unlike RF waves, ultrasonic waves do not penetrate from outside-the-body to inside-the-body, and vice versa, at low transmission powers. Therefore, ultrasonic communication links are potentially more secure as they are less prone to unintentional or malicious interference. At this stage, the team has developed the first, non-integrated and non-implantable UsWB prototype that uses off-the-shelf high-frequency ultrasonic transducers to enable transmission and reception of ultrasonic waves, through media that emulate with high fidelity acoustic propagation in biological tissues, i.e., so-called ultrasonic phantoms.",National Science Foundation,NSF|abstract|noise,"Computing, Networking & Robotic Systems"
1088539,NetSE: Medium: Discovering Hyperbolic Metric Spaces Hidden beneath the Internet and Other Complex Networks,"The lack of predictive power over complex systems, either designed by humans or evolved by nature, is a foundational problem in contemporary science. The Internet offers a paradigmatic example:
nothing in its architecture and design explains its complex large-scale structure. Many complex networks in nature share this peculiar structural character of the Internet, but they also manifest phenomenal behavior: they efficiently route information without any observable routing communication protocol. Hence, the main objective of this project is to explore the relationship between the structure and communication function of complex networks.

An international team of researchers assembled for this project includes computer scientists from the Cooperative Association for Internet Data Analysis (CAIDA) at the University of California San Diego, and physicists from the University of Barcelona, Spain. The project includes theoretical modeling and computer simulations to discover if the Internet 30-year old interdomain topology has naturally evolved toward a structure for which nature has superior routing technology.

The intellectual merit of this project is in the utilization of this natural routing technology for infinitely scalable Internet routing with minimal communication overhead. If successful, this project will solve a long-standing theoretical problem of constructing a maximally efficient algorithm for routing in complex networks. These results may help to remove serious scaling limitations within the existing Internet routing architecture.

The broader impact is in improving our knowledge of the basic principles of organization, function, and evolution of large-scale complex networks, transforming research on how to model, predict, and control them. The elucidation of fundamental connections between network structure and function has far-reaching impact on the study of many complex systems, including search engines, recommender and reputation systems, terrorist network modeling, cancer and brain research, protein folding, and drug design.",National Science Foundation,NSF|abstract|assigned,"Computing, Networking & Robotic Systems"
1089431,Admin Core,"The long-term goal of the Program Project is to develop a platform for the discovery of natural 
product antimicrobials, and to provide leads for drug development. This platform will resolve the 
current bottleneck in antimicrobial discovery – lack of good lead compounds. Three PIs from 
different Institutions are involved in this ambitious project. The related projects are I) Uncultured 
bacteria for the discovery of novel antimicrobials; II) Antibiotic dereplication by transcriptome 
analysis; III) Antimicrobial evaluation and development. The essential innovation of our 
proposed project is to use rapid dereplication by transcription profiling to identify attractive 
compounds harbored by uncultured bacteria. The objective of the Administrative core is 
To promote and facilitate the achievement of the goals of the Program Project. 
The Program Director will be responsible for the overall program and for overseeing the 
Administrative core. The major priority of the Program Director (PD/PI) is to promote the 
progress and success of the three research projects and thereby the success of the Program 
Project. His efforts will be augmented by a Program Advisory Committee and by the 
Administrative Core Manager. The Administrative Core Manager will coordinate the day-to-day 
interactions among the PIs and personnel of the three interrelated projects. The Manager will 
work with the PD/PI, component project PIs and Executive Committee and the Program 
Advisory Committee to assist with the scientific, administrative and fiscal oversight. 
The Manager will facilitate communications throughout the Program, and arrange group 
meetings and teleconferences for members of the project and for meetings of the Program 
Advisory Committee. The Manager will handle the administrative details of the Program and, 
interactions with the NIAID and assist in the preparation of regular reports to the NIAID. The 
Manager will provide the PD/PI with regular reports on the financial status of each project and 
organize annual meetings of the Project Leaders to review and make adjustments to project 
budgets. The Core Manager will work with an IT expert to create and maintain a Program 
website. The website will enable project participants to collect, store and analyze their data from 
all of the projects of the center; the website will also serve to disseminate information on the 
Program.",National Institutes of Health - SubAward,NIH|abstract|noise,Biomedical Sciences
1095800,Core B: Research Translation Core,"PROJECT SUMMARY 
The Puerto Rico Testsite for Exploring Contamination Threats Center (PROTECT) uses an integrated, cross- 
disciplinary approach to study the fate, transport, exposure, health impact and remediation of contaminants 
commonly found at Superfund sites, with particular attention to phthalates and chlorinated solvents as both are 
suspect and model agents in the high preterm birth rates in Puerto Rico. The Research Translation Core (RTC) 
serves the overall interests of PROTECT and NIEHS by translating and disseminating PROTECT research 
results to a wide variety of governmental agencies, scientific communities, industry, and other stakeholders. 
The RTC does this through five aims: 
 ¿ Aim 1: Publicize and emphasize to EPA, ATSDR, and other stakeholders the significance and/or 
 relevance of program findings for public policy, public health, and prevention 
 ¿ Aim 2: Build partnerships with stakeholders to respond to requests, develop capacity, and improve 
 understanding of Center findings 
 ¿ Aim 3: Serve as the bridge between investigators, partners and stakeholders to foster commercial 
 development, utilization and translation of the knowledge gained by the SRP program into tools, 
 strategies or technologies, in an efficient and timely manner 
 ¿ Aim 4: Collaborate with other PROTECT cores for enhanced sharing of information, materials and best 
 practices outside of PROTECT 
 ¿ Aim 5: Communicate PROTECT work to SRP Headquarters and to the national SRP community 
These aims are realized through activities that solidify internal communications within PROTECT, 
communications with other SRPs and the national office, and communication with a wide range of professional, 
governmental, public health, and community organizations. The RTC works with each project leader to develop 
translational activities, and it offers training sessions for faculty, postdocs, and students to facilitate research 
translation. The RTC develops mechanisms for technology transfer, such as patents, commercialization, and 
intellectual property. It facilitates consultations of expertise and new collaborations, particularly outside the 
SRP community. The RTC helps investigators to increase NIEHS and other grant submissions, thus expanding 
the environmental health capacity of the constituent campuses. It offers webinars and conferences to share 
findings and for communities to share experiences/needs with the university researchers, especially by 
collaborating with the Training Core and Community Engagement Core. The RTC has a strong website 
presence and is the central clearinghouse for collating and disseminating PROTECT results and materials. The 
RTC also develops publications that highlight the overall sum of PROTECT's research translation outcomes.",National Institutes of Health - SubAward,NIH|abstract|assigned,Biomedical Sciences
1106361,Project 5: Remediation of Contaminated Groundwater by Solar-Powered Electrolysis,"PROJECT SUMMARY 
Study Objectives: Our long-term goal is to develop novel, sustainable, solar-powered and environmentally- 
friendly technologies for remediation of contaminated groundwater, especially in karst regions. We will use 
solar panels to apply low direct electric currents through electrodes in wells to manipulate groundwater 
chemistry by electrolysis. Our target contaminants are chlorinated solvents, specifically trichloroethylene 
(TCE), but the process will also be designed to treat a mixture of contaminants. Two specific transformation 
mechanisms are evaluated: electrochemical reduction and chemical oxidation. Previously we demonstrated 
that chemically reducing groundwater could be developed by iron anodes, leading to almost complete 
dechlorination of aqueous TCE. We also evaluated chemical oxidation of TCE in groundwater by electro- 
generated H2 and O2. Our objectives in this competitive renewal study are to understand and improve the 
process using innovative electrode systems for transformation of mixtures of contaminants under variable flow 
rates, assess the transformation pathways and their associated effects on groundwater toxicity, and measure 
the performance of the process in field-scale testing. 
Study Approach: We will conduct laboratory experiments in vertical column setups made of acrylic and 
limestone and in electrochemical reactors. We will use the reactors to test innovative three-electrode treatment 
units to induce reducing or oxidizing conditions and investigate a novel two electrode system with polarity 
reversal to achieve oxidizing conditions. We will measure degradation and transformation products, as well as 
toxicity evolution, during the course of the process in batch electrochemical setups. In addition to a commonly 
used phenotypic in vitro assay, an innovative newly-developed fast and mechanistic toxicogenomics-based 
temporal gene or protein expression profiling technique will be employed. The variations of toxicity levels and 
mechanistic profiles during the course of the electrochemically-induced degradation will disclose the potential 
causal agents and their links to the degradation pathways. For these laboratory tests, groundwater collected 
from Puerto Rico will be mixed with target contaminants and used for testing. To facilitate translation of the 
process into field implementation, we will conduct and measure the performance in a small field-scale test 
using a single well or multiple wells. Treatment units in the wells will be connected to solar panels/controllers 
and different operation modes will be tested. Observation wells will be used to monitor changes. 
Expected Results: We will develop a technology for sustainable remediation of contaminated groundwater. 
We will design electrochemical reactors with innovative electrode systems for contaminant degradation and 
prove the reduction or elimination of toxicity during and after the treatment. Finally, we will design and measure 
the performance of the technology in wells in a small-scale field study in aquifers in karst regions.",National Institutes of Health - SubAward,NIH|abstract|noise,Environmental Science & Ecology
1108195,Project 5: Green Remediation by Solar Energy Conversion Into Electrolysis,"The US EPA supports the adoption of green remediation, which considers all environmental effects and 
incorporates strategies to maximize the net environmental benefit. Our long-term goal is to develop a green 
remediation based on conversion of solar energy into iron electrolysis in groundwater. Electrolysis of 
sacrificial iron anodes will cause chemical reduction of contaminants, including chlorinated solvents in 
groundwater. The kinetics of iron redox in a two-electrode electrolysis system and release of ferrous ions 
and hydrogen gas can be optimized by controlling the electric current density and polarity for effective 
transformation of contaminants. The process is suited for karstic groundwater aquifers because the dynamic 
flow conditions in channels and fractures require controlled rates of iron reactivity. The process will use solar 
energy and will not produce adverse effects on groundwater environment. The project will evaluate the effect 
of iron electrolysis on groundwater geochemistry, demonstrate the transformation of trichloroethylene (TCE) 
as a model nonpolar organic contaminant in groundwater by iron electrolysis under batch and flow 
conditions, evaluate the effects of polarity reversal and voltage/current intensity, develop a predictive tool 
""model"" for transformation, evaluate the effects on the physical properties of the aquifer, assess the 
cytotoxicity of treated water, and evaluate any adverse effects on the fate of other contaminants (e.g., semipolar 
organics such as phthalates). The project will conduct experiments in cells using karst aquifer 
characteristics, including experimental setups that are constructed of limestone blocks. The plan includes 2D 
lab pilot-scale testing using the GeoBed (developed in Project 4) and a small-scale field test. The primary 
experimental variables that will be controlled are the water flow rate, electric current/voltage and electrolyte 
type. The primary dependent variables that will be monitored are pH, ORP, Dissolved Oxygen, alkalinity, 
cation and anion concentrations, contaminant concentration, ferrous and ferric ion concentrations, 
precipitates, electrical conductivity, and voltage/current. A model that couples Faraday's law for iron 
electrolysis and reactive flow will be developed and verified. The project will assess power requirement and 
engineer a strategy that utilizes solar panels for field implementation.",National Institutes of Health - SubAward,NIH|abstract|assigned,Environmental Science & Ecology
1113526,Pilot-Project-Core,"RFA-NR-14-001
Narratives/Abstracts are only required for the Overall component. These items are not
applicable for the Admin Core, Pilot Project Core, and Other Core sections.",National Institutes of Health - SubAward,NIH|abstract|noise,unassigned
1121286,"Collaborative Research: Effects of Genetic Diversity, Epigenetic Change, and Root-associated Fungal Colonization on Trait Variation in the Foundation plant Spartina alterniflora","Issues as diverse as diagnosing human health problems and understanding organismal response to the environment rely on deciphering how DNA sequences are translated into important traits. This project focuses on salt marshes, important coastal habitats that benefit humans by supporting key fisheries and providing protection from large oceanic storms. It takes advantage of novel DNA sequencing approaches to examine how different strains of a critical salt marsh plant react to stressful environmental variation, and how responses to stress may be facilitated by interactions with an understudied stress-tolerant fungus. In addition to benefiting salt marshes, this type of understanding is critical for predicting response to changing environments, managing biodiversity, developing sustainable crops, and improving treatments for disease. The project will support the education and training of students at multiple levels, including undergraduate students from diverse and under-served populations. Additionally, the project will be led by three female investigators, serving as role models for women in science.

This research will examine the relationships among plant genetic and epigenetic diversity, root-associated fungi, and plant structural and physiological trait variation (morphology, nutrient content, salt tolerance) across an inundation gradient in the intertidal foundation plant species Spartina alterniflora. Specifically, the project combines genomic approaches with field surveys and experiments in the greenhouse and the field to address the following questions: (1) How are plant genetic and epigenetic variation, root-associated fungi, and plant structural and physiological traits related across an intertidal gradient?. (2) Does the presence and strain of root-associated fungi affect plant structural and physiological trait response to abiotic variables, and is this effect mediated by epigenetic change?. and (3) How are candidate genes or gene networks involved in the structural and physiological response to the biotic and abiotic environment, and are they epigenetically regulated? The work takes advantage of a novel reduced representation DNA sequencing epiGBS protocol with bisulphite treated DNA to measure genetic and epigenetic diversity in S. alterniflora. Additionally, next generation sequencing of fungal isolates will allow for documentation of the role of dark septate endophytes in the response of this critical foundation species to its dynamic salt marsh habitat.",National Science Foundation,NSF|abstract|assigned,Public & Behavioral Health
1125387,OUR RESEARCH OBJECTIVES ARE TO: 1) INTEGRATE LATERAL INFLOWS INTO A SWOT DISCHARGE ALGORITHM; 2) INTEGRATE LAKE/RESERVOIR DYNAMICS INTO A SWOT DISCHARGE ALGORITHM; 3) DEVELOP A SWOT MODELING APPLICATION FOR COMMUNITY SCALE WATER RESOURCES PLANNING/MANAGEM,OUR RESEARCH OBJECTIVES ARE TO: 1) INTEGRATE LATERAL INFLOWS INTO A SWOT DISCHARGE ALGORITHM. 2) INTEGRATE LAKE/RESERVOIR DYNAMICS INTO A SWOT DISCHARGE ALGORITHM. 3) DEVELOP A SWOT MODELING APPLICATION FOR COMMUNITY SCALE WATER RESOURCES PLANNING/MANAGEM,National Aeronautics and Space Administration,Other|abstract|noise,Environmental Science & Ecology
1129681,SCH: INT: Collaborative Research: Assistive Integrative Support Tool for Retinopathy of Prematurity,"Retinopathy of prematurity (ROP) is a leading cause of childhood visual loss worldwide, and the social burdens of infancy-acquired blindness are enormous. Early diagnosis is critically important for successful treatment, and can prevent most cases of blindness. However, lack of access to expert medical diagnosis and care, especially in rural areas, remains a growing healthcare challenge. In addition, clinical expertise in ROP is lacking, and medical professionals are struggling to meet the increasing need for ROP care. As point-of-care technologies for diagnosis and intervention are rapidly expanding, the potential ability to assess ROP severity from any location with an internet connection and a camera, even without immediate ophthalmologic consultation available, could significantly improve delivery of ROP care by identifying infants who are in most urgent need for referral and treatment. This would dramatically reduce the incidence of blindness without a proportionate increase in the need for human resources, which take many years to develop. 

This project develops a prototype assistive integrative support tool for ROP, featuring a modular design comprising: (a) image analysis, (b) information fusion of clinical, imaging, and diagnostic data, and (c) generative probabilistic and regression models with associated computationally efficient machine learning algorithms. The outcomes of the project include disease severity metrics and diagnostic estimates obtained through clinical evidence classifiers trained jointly over expert-generated labels. These labels consist of discrete diagnostic labels, as well as comparison outcomes of relative severity between pairs of images. Random process models for vessel tortuosity and diameter distributions over the retina, as well as patch-based vessel-free image analysis through the use of convolutional neural networks on the entire image, enhance and augment feature extraction. Moreover, incorporating severity comparison outcomes through novel hard and soft constraint methods force inferred severity to agree with ordinal information provided by experts and address inherent uncertainty in expert ground-truth labels. The above severity inference methods are evaluated and fine-tuned over a broad array of generative models, both through retrospective analysis, including cross-validation, longitudinal tests, and tests across multiple sites, as well as through prospective analysis, evaluating its real-world clinical impact.",National Science Foundation,NSF|abstract|noise,Public & Behavioral Health
1132045,"CRISP Type 2: Identification and Control of Uncertain, Highly Interdependent Processes Involving Humans with Applications to Resilient Emergency Health Response","The growing pace of urbanization, particularly along coasts, in conjunction with non-robust infrastructures with poorly understood interdependencies, will make major weather events, intensified by warming oceans and rising sea level, more likely to turn into disasters in the near future. Superstorm Sandy provided a particularly poignant example of this situation. This Critical Resilient Interdependent Infrastructure Systems and Processes (CRISP) Type 2 grant will pioneer a new approach to enable communities to withstand and bounce back quickly from hazards. This will be accomplished through a new paradigm of proactive resiliency through prediction, intervention and adaptation, as opposed to the current reactive cycle of discovery, recovery and redesign. A unique feature of the this research is the integration of engineering (electrical, industrial, civil), computer science and social science strategies for achieving resilience over the short and long term. Education is proactively integrated into this project, starting with summer STEM courses for urban middle school students and continuing at the college level with a multi-disciplinary program that uses the central metaphor of resilient communities to link a full range of distinct subjects. This approach will help broaden participation of underrepresented groups in research and substantially transform engineering and social sciences education.

This research seeks to develop a comprehensive framework for designing and operating resilient communities by modeling them as partially engineered networked cyber-physical-human systems. The ultimate goal is to develop a synthesis framework for such systems, capable of guaranteeing minimum levels of performance and rapid recovery of functionality in the face of disruptions. This goal will be accomplished by recasting the problem in the context of data-driven identification and control of processes represented by dynamical graphical models, where both the nodes and interconnecting edges are dynamical systems that encapsulate the cyber-physical and human aspects of the problem. The approach allows for treating all aspects of the problem in a unified way, leveraging recent advances in optimization, networked control and agent based modeling to obtain scalable, computationally tractable solutions. Salient features of this framework include the integration of agent based modeling of human responses into a chance constrained optimization framework that identifies strategies to optimize resilience, the use of data driven models to extract actionable information from extremely large data sets, and purposeful manipulation of system-wide components, enabled by novel fuse-based design techniques. The resulting framework will be tested using a scenario involving four systems critical to maintaining minimum levels of emergency medicine: power, communications, critical goods supply chain and built environment.",National Science Foundation,NSF|abstract|assigned,Environmental Science & Ecology
1142321,Interspecies interactions among oral Streptococci: ecology through air,"?    DESCRIPTION (provided by applicant):  The bacteria of the oral microbiome form complex multispecies assemblages where species both compete and synergize to colonize each niche in the mouth. In our preliminary research, we discovered a novel aspect of microbial interactions among strains of oral Streptococci via gaseous/volatile compounds produced by some strains. In standard competition experiments these interactions blend with those mediated by diffusible compounds, confuse the picture, often missed, and remain understudied. We show that these interactions are strong and common among Streptococci. Here we will screen a collection of known and novel Streptococci to identify strains interacting via volatile compounds, and determine the nature of these compounds. The novelty of the project is in investigating the nature of previously overlooked or understudied aspects of Streptococcus ecology. This is important because the interactions we will study may influence which strains are able to establish themselves within the oral biofilm, ultimately impacting whether or not the community becomes infectious or remains benign.",National Institutes of Health,NIH|abstract|assigned,Biomedical Sciences
1143092,Summer School: Big Data and Statistics for Bench Scientists,"PROJECT SUMMARY Northeastern University requests funds for a Summer School, entitled Big Data and Statistics for Bench Scientists. The target audience for the School are graduate and post-graduate life scientists, who work primarily in wet lab, and who generate large datasets. Unlike other educational efforts that emphasize genomic applications, this School targets scientists working with other experimental technologies. Mass spectrometry-based proteomics and metabolomics are our main focus, however the School is also appropriate for scientists working with other assays, e.g. nuclear magnetic resonance spectroscopy (NMR), protein arrays, etc. This large community has been traditionally under-served by educational efforts in computation and statistics. This proposal aims to fill this void. The Summer School is motivated by the feedback from smaller short courses previously co-organized or co- instructed by the PI, and will cover theoretical and practical aspects of design and analysis of large-scale experimental datasets. The Summer School will have a modular format, with 8 20-hour modules scheduled in 2 parallel tracks during 2 consecutive weeks. Each module can be taken independently. The planned modules are (1) Processing raw mass spectrometric data from proteomic experiments using Skyline, (2) Begnner's R, (3) Processing raw mass spectrometric data from metabolomic experiments using OpenMS, (4) Intermediate R, (5) Beginner's guide to statistical experimental design and group comparison, (6) Specialized statistical methods for detecting differentially abundant proteins and metabolites, (7) Statistical methods for discovery of biomarkers of disease, and (8) Introduction to systems biology and data integration. Each module will introduce the necessary statistical and computational methodology, and contain extensive practical hands-on sessions. Each module will be organized by instructors with extensive interdisciplinary teaching experience, and supported by several teaching assistants. We anticipate the participation of 104 scientists, each taking on average 2 modules. Funding is requested for three yearly offerings of the School, and includes funds to provide US participants with 62 travel fellowships per year, and 156 registration fee wavers per module. All the course materials, including videos of the lectures and of the practical sessions, will be publicly available free of charge.",National Institutes of Health,NIH|abstract|noise,"Workforce Development & Institutional Partnerships"
1146776,Systems Biology and Gene Networks,"ABSTRACT
The primary role of Core A – “Systems Biology and Gene Networks” — is to explore in a predictive fashion the
molecular and network-based similarities and differences between asthma and COPD. Networks provide
frameworks for deriving information from a set of relationships among entities in the program project. We aim
to develop tools to identify the disease modules for asthma and COPD, and the molecular relationships
between them. The work will initially rely on the data already collected by the PPG investigators, leading to a
first round of mechanistic predictions. These predictions will drive the design of subsequent experimental work
and data collection, iteratively improving the Core's predictive power. Core A has two specific aims: Aim 1:
Construct the network infrastructure to predict the disease module relying on data collected by the
PPG Projects and Cores. The goal is to develop and improve on the existing tools to identify the disease
module for asthma and COPD, and to offer an initial set of experimentally testable predictions. Aim 2:
Iteratively enhance the predictive value of the disease module by overlaying data collected by the PPG
Projects and Cores. We plan to explore the network-based relationships between asthma and COPD by
identifying common pathways, genes and potentially common disease mechanisms. Core A will apply network
analysis support at different levels: (1) selection and prioritization of the variants and genes associated with
airflow obstruction from Project 1; (2) integrating different levels of genomics and transcriptomics data
associated with asthma and COPD with the molecular interaction networks (interactome) from Project 2; and
(3) identifying and interpreting epigenetic changes (methylation and miRNA) associated with asthma and
COPD from Project 3 by integration with protein interactome models. The networks of interactions will serve
as a scaffold for information to extract global and local graph theory properties to inform about the initial seed
gene choices and about the different “omics” data in Projects 1, 2 and 3.",National Institutes of Health - SubAward,NIH|abstract|noise,Biomedical Sciences
1152380,Social Isolation and Retention in Care among Older Adults Living with HIV/AIDS (SOLO Study),"Project Abstract
The goals of the proposed study are to examine one possible pathway of how social isolation affects important
self-management behaviors such as adherence to routine HIV care appointments (i.e., retention in care), and
to develop an understanding of unique factors associated with perceived isolation in older persons living with
HIV (PLWH). More than 50% of the US HIV population is projected to be over 50 years of age by 2017.
Transformation of HIV infection from an acute infection to a chronic condition associated with multi-morbidities
requires lifelong surveillance and disease management. Retention in care is important for improving general
health and managing emerging morbidities as well as the now-chronic HIV infection. Effective management of
chronic conditions requires adequate social support, yet studies have shown that older PLWH are socially
isolated and have reduced support. Social isolation manifests in two forms—social connectedness and
perceived isolation— yet studies in HIV aging have focused mainly on the indicators of social
disconnectedness. Perceived isolation, colloquially referred to as loneliness, is highly prevalent among
seronegative older adults and is an emerging concern expressed by older PLWH. Although perceived isolation
has been linked to numerous health outcomes through diminished emotion regulation and poor health
behaviors in seronegative adults, no study has examined factors related to and outcomes of perceived
isolation among older PLWH. The aims of this study are to assess the potential mediating effect of emotion
regulation in the association between social isolation (social disconnectedness and perceived isolation) and
retention in care, and to assess the relationship of demographic factors, HIV-stigma, HIV disclosure status,
functional status, and social disconnectedness to perceived social isolation in older PLWH. An exploratory aim
will examine how these aims may differ by race or gender to gain some preliminary understanding of possible
subgroup differences. A total of 140 PLWH who are 50 years old or older will be recruited from outpatient HIV
clinics in Atlanta, GA. Descriptive, correlation, regression analysis, and path analysis will be used to statistically
analyze the aims. Completion of the proposed study is a first-step towards understanding the impact of social
isolation on health, developing targeted interventions to reduce perceived isolation and promote retention in
care, and improving health outcomes in this ever-growing population.",National Institutes of Health,NIH|abstract|assigned,Public & Behavioral Health
1168098,I-Corps: Optimized Content Delivery Networks,"The broader impact/commercial potential of this I-Corps project includes the commercialization of content delivery technology which enables a new generation of video streaming services and emerging services such as virtual reality, as well as accelerated web performance, media delivery, and cloud networking services.  This commercialization is expected to dramatically decrease bandwidth usage and operating cost for network operators.  It is expected to have direct and long-term impact on network architectures for content delivery and cloud computing applications.  It will also impact the training of graduate students in the areas of technology transition, intellectual property management, business development, and marketing.

This I-Corps project is expected to significantly advance the state of the art in algorithms and protocols which optimally use bandwidth and storage to improve content delivery performance in reducing user delay and decreasing bandwidth costs, in a scalable, distributed, and adaptive manner. Unlike most current solutions, the algorithms used here are optimized for multi-hop, multiple-data-source network settings.  When properly deployed, they will enable the delivery of a new generation of data-rich content and cloud computing services.",National Science Foundation,NSF|abstract|noise,"Computing, Networking & Robotic Systems"
1168704,I-Corps: Miniaturized ultra-sensitive ion detectors for radiation sensing and monitoring,"The broader impact/commercial potential of this I-Corps project primarily involves the development of a more robust nuclear/radiation security and safety infrastructure that enables government and law enforcement agencies to lower the risk of nuclear terrorism or radiation exposure. A successful implementation of the project will provide better screening and detection tools embedded into a real-time radiation-monitoring safety and security network. This will improve the protection and monitoring capabilities that range from building-scale stand-alone sensor networks (impacting nuclear power plants and hospitals) all the way to city-scale sensor grids for border protection and Smart City integrations. Commercial potentials are also expected in several other directions such as mass spectrometry, power-grid monitoring, automotive engine tuning and emissions testing, and small payload space applications.

This I-Corps project will explore the commercial viability of a low-cost, high-sensitivity, scalable, networkable and disruptive new ion sensing technology for nuclear security and radiation safety applications. The technology exploits certain novel physical properties of advanced nanomaterials which renders them with unprecedented sensitivity down to single-ion detection. The sensors are able to operate over a wide range of doses, perform equally well in air or under vacuum, and can clearly distinguish between positively and negatively charged ions, which are critical for most radiation-detection applications. Considering size, weight, power-consumption, performance and cost parameters, this technology is well-poised to be an extremely attractive alternative to many current ionizing radiation detection approaches.",National Science Foundation,NSF|abstract|noise,Materials Science & Structural/Civil Engineering
1171799,CAREER: Driven Interfaces in Random Media,"9701998 Barabasi This is a CAREER award to a new faculty member and, as such, involves both research and education. The research component is comprised of a study of the connection between theory and experiment which aims for a coherent understanding of the basic mechanisms and universality classes determining the morphology of interfaces moving in porous media. The influence of disorder and fluctuations on surface morphology will be investigated. The research has implications for oil recovery and environmental research. The educational part of the award involves utilizing the world wide web for improving graduate courses. A comprehensive database will be developed of instructional materials available on the web. Effective incorporation of this material into the curriculum will result in a virtual meta-course. %%% This is a CAREER award to a new faculty member and, as such, involves both research and education. The research component is comprised of a study of the connection between theory and experiment which aims for a coherent understanding of the basic mechanisms and universality classes determining the morphology of interfaces moving in porous media. The influence of disorder and fluctuations on surface morphology will be investigated. The research has implications for oil recovery and environmental research. The educational part of the award involves utilizing the world wide web for improving graduate courses. A comprehensive database will be developed of instructional materials available on the web. Effective incorporation of this material into the curriculum will result in a virtual meta-course. ***",National Science Foundation,NSF|abstract|assigned,"Social Science, Public Policy & Education Research"
1181728,CANNABINOID RECEPTOR AS THERAPEUTIC TARGET,"This subproject is one of many research subprojects utilizing the
resources provided by a Center grant funded by NIH/NCRR. The subproject and
investigator (PI) may have received primary funding from another NIH source,
and thus could be represented in other CRISP entries. The institution listed is
for the Center, which is not necessarily the institution for the investigator.
The program project represents a comprehensive collaborative effort the ultimate goal of which is to develop novel drug analogs which produce their therapeutic effects by acting on the cannabinoid receptors.  A central hypothesis of this program is that the recent availability of such receptor(s) offers the opportunity to rationally  design analogs with a high degree of selectivity for inducing certain  actions of cannabinoids including analgesia, inhibition of vomiting and reduction of intraocular pressure and immuno-modulation without their undesirable psychoactive effects.  Similarly, there will be an opportunity for developing novel ligands which can successfully block  the actions of cannabinoids.  Such a process will require detailed knowledge of the molecular, biochemical and anatomical features of this receptor and its subtypes which are associated with cannabinoid activity.  The receptor active sites could thus be used as template(s) for the successful design of these n ovel analogs.  The group of  ligands to be developed will encompass all four classes of molecules which are associated with cannabimimetic activity including classical  cannabinoids (CCs), non-classical cannabinoids (NCCs), aminoalkylindoles (AAIs) and arachidonic acid amides (AAAs).  (2) The  expression isolation, purification and reconstitution of the cannabinoid receptor(s) and its mutants in viruses and bacteria.  (3)  Obtaining receptor active sites(s) with the help of high affinity covalent receptor ligands and by determining the amino acid residues with which the ligands reacted (using photoaffinity labeling). Determination of the specific sites on the receptor (length = 472 amino acids) that are photoaffinity labeled will be accomplished using high performance liquid chromatography and mass spectrometry.  Several different mass spectrometric techniques are being used I. MALDI-TOF mass spectrometric mapping of proteolytic digests of the receptor prior to and after reaction.  This measurement will provide definition of the binding site to within a particular proteolytic peptide.  II LC-ESI mass spectrometry of proteolytic digests of the receptor.  This measurement will provide similar information to that obtained in I above.  However, since we will split the flow, fractions of interest will be collected for further study.  MALDI-ITMS and ESI-triple quadrupole tandem mass spectrometry of peptides that have been identified to be modified by the ligands of interest (either through observed mass shifts in I & II above or by radioactive labeling).  In  this context, we have recently defined the binding site of E. coli RecA to single stranded DNA during the process of homologous recombination.  In this case, photocrosslinking was used and the  binding site determined by MALDI-ITMS/MS (at the single amino acid level) was independently confirmed by Edman sequencing.  Obtaining intimate knowledge of the receptors' structure and function will  require an interdisciplinary approach which will be accomplished  through concerted collaborative efforts between several laboratories with a commitment for cannabinoid research and/or the high degree of technical expertise required for an effective approach to this problem.  Strong collaborative interactions will be emphasized with the following major specific aims (1) the development of high affinity ligands for the receptor(s) which will be used for obtaining molecular information on the cannabinoid site(s) of action.",National Institutes of Health - SubAward,NIH|abstract|assigned,Biomedical Sciences
1199033,FUNCTIONALLY IMPORTANT PKA PHOSPHORYLATION SITE IN A KIR3 CHANNEL SUBUNIT,"This subproject is one of many research subprojects utilizing the
resources provided by a Center grant funded by NIH/NCRR. The subproject and
investigator (PI) may have received primary funding from another NIH source,
and thus could be represented in other CRISP entries. The institution listed is
for the Center, which is not necessarily the institution for the investigator.
Phosphorylation of the Kir3 channel by cAMP-dependent protein kinase (PKA) potentiates activity and strengthens channel-PIP2 interactions whereas phosphorylation by protein kinace C (PKC) leads to opposite effects. We utilized mass spectrometry to identify the phosphorylation sites within the Kir3.1 channel subunit upon treatment with protein kinases. We focused on the Kir3.1 C-terminal cytosolic domain that has been reported to be regulated by several modulators. In vitro phosphorylation by PKA exhibited a convincing signal upon treatment with a phosphoprotein stain. The phosphorylated C terminus was subjected to mass spectrometric analysis using MALDI-TOF/MS. Peptide peaks with a mass shift of 80u, which may relate to the addition of a phosphate group, were then subjected to tandem MS (MS2 and MS3) in order to determine the location of the modification. Using this approach, we identified S385 as an in vitro phosphorylation site. Mutation of this residue to an alanyl residue resulted in a reduced sensitivity of Kir3.1* currents to H89 and forskolin, suggesting an in vivo role for this novel site of the Kir3.1 channel subunit in its regulation by PKA.
[Note] The following manuscript has been accepted for publication in the European Journal of Physiology: RUSINOVA, R.; SHEN, Y.-M. A.; DOLIOS, G.; PADOVAN, J. C.; YANG, H.; KIRCHBERGER, M.; WANG, R.; LOGOTHETIS, D. E. Mass spectrometric analysis reveals a functionally important PKA phosphorylation site in a Kir3 channel subunit [2008].",National Institutes of Health - SubAward,NIH|abstract|assigned,Biomedical Sciences
1275571,Perceptual mechanisms underlying reading difficulties in glaucoma,"PROPJECT SUMMARY Primary open angle glaucoma (POAG), characterized by progressive neurodegeneration of retinal ganglion cells and associated visual field defects, is a leading cause of blindness in the United States. The predominant view has been that glaucoma spares central visual function until the end-stages. However, accumulating evidence shows that the macula is involved in even early glaucomatous damage, including a significant reduction in retinal nerve fiber layer and/or ganglion cell layer thickness. In parallel with physiological evidence, behavioral evidence shows that functional deficits in various central vision tasks, such as reading and face recognition, often appear in individuals with glaucoma. Surprisingly, reading problems have been cited as a main source of anxiety among people with glaucoma. However, at present, we have no understanding of how glaucomatous damage impedes pattern recognition in the assumed-to- be-preserved central visual field. Nor do we know of effective means to alleviate these deficits. Even when treatment controls disease progression, individuals with existing visual field defects need to cope with compromised vision. Therefore, understanding the mechanisms limiting everyday visual function in glaucoma is important from both clinical and basic science perspectives. The proposed study will build on the empirical findings from our preliminary work and theoretical work from several decades of human pattern vision in order to make fundamental advances in our understanding of central visual function of glaucoma. The major goals of the proposed research are to understand how glaucoma undermines central pattern vision and to apply this knowledge to guiding the development of effective rehabilitative strategies to optimize the remaining vision of people with glaucoma. In particular, our specific aims are (1) To understand the impact of glaucomatous damage on central pattern recognition, (2) To understand the role of the spatial pattern of visual field defects, (3) To apply perceptual learning to reading rehabilitation of individuals with glaucoma. To date, very little attention has been paid to such research. The outcome of the current research proposal is expected to help us understand the limiting factors underlying daily visual function in glaucoma and identify potential rehabilitative interventions. Furthermore, the knowledge obtained from the proposed research will provide new insights on how retinal ganglion cell pathology affects human pattern recognition. ?",National Institutes of Health,NIH|abstract|noise,Biomedical Sciences
1281786,Collaborative Research: Mechanics of fusion of dissimilar lipid bilayers and multi-lamellar vesicles,"Vesicles are small sacs surrounded by a lipid bilayer membrane and enclosing biomolecules essential for inter- and intra-cellular communication, transportation, and other physiological functions.  Vesicles can fuse with cells and other vesicles to deliver designated drugs, segments of DNA for gene therapy, and neurotransmitters in a wide spectrum of medical treatments.  Understanding the mechanism of membrane fusion is critical to interpret natural phenomena and to design and facilitate drug delivery.  The overarching goal of this collaborative project between Northeastern University and Harvard University is to investigate the underlying biomechanics and biochemistry of membrane and liposome fusion by coordinated experiments and theoretical modeling.  Vesicles with ranges of lipids and pseudo-lipids, microstructures, and size will be fabricated using specialized microfluidic devices.  Mechanical characterization and intermediate steps of fusion under physiologically relevant conditions will be performed using atomic force microscopy.  A mechanistic model of vesicle fusion, including membrane properties and inter-surface forces, will be developed to reveal molecular and membrane interactions.  Outcomes of this study will lead to new insights into transport processes that are ubiquitous in mammalian cells, as well as guidelines to fabricate synthetic vesicles for drug delivery.  The project will involve participation of students at all academic levels.  Research outputs will be incorporated into undergraduate and graduate level courses at both universities.  Educational videos will be developed to demonstrate vesicle dynamics for K-12 students and for the general public.

The goal of this award is to investigate the underlying principles of fusion of similar and dissimilar lipid bilayers and vesicles and to develop a universal fusibility index by probing an extensive experimental parameter space. A wide range of known lipids relevant to drug delivery, lipids derived from healthy and diseased cell lines, and co-block polymer as pseudo lipids will be investigated.  New microfluidics devices will be designed and built to manufacture homogeneous, heterogeneous, and multi-lamellar vesicles, with a wide range of diameters.  Atomic force microscopy will be used to determine membrane properties of single liposomes in compression mode, as well as the energy barrier involved in hemifusion and fusion of two similar and dissimilar vesicles under physiologically relevant conditions.  Hemifusion and fusion will be monitored in-situ by fluorescence microscopy, as well as a fluorescence resonance energy transfer technique.  We will test the hypothesis that mechanics in terms of internal and intersurface forces, large deformation of the vesicles and associated strain energy, and statistical mechanics of surface domains plays a significant role in vesicle fusion.  The fusibility index will be derived as a function of material properties of lipid membranes, vesicle geometry, interface and surface chemistry, and physiological environments, based on fundamental engineering principles.",National Science Foundation,NSF|abstract|assigned,Biomedical Sciences
1287791,Proposal to Support Student Travel for the ACM CoNEXT 2017 Conference,"The 13th International Conference on emerging Networking EXperiments and Technologies CoNEXT) will take place from December 12 to December 15, 2017 in Seoul, Korea. This proposal requests funding to assist 15 US-based graduate students for attending this conference. Participation in conferences such as CoNEXT forms a central part of the graduate school experience as it provides students with an opportunity to interact with senior researchers from academia as well as industry and exposes them to leading-edge research in the field. ACM CoNEXT stands unique in its emphasis on interactions between networking researchers at an international level, and attending CoNEXT presents an excellent opportunity for US graduate students to connect with a thriving international research community. As in past years, CoNEXT 2017 will include a special student workshop that will enable students to present and obtain feedback on their work in progress. The support requested in this proposal will enable students to attend the main conference and associated workshops at CoNEXT 2017. These students would otherwise be unable to attend the conference. The travel grant chair is committed to encouraging the participation of women and under-represented minorities. 

This project proposes to provide travel support for graduate students to attend CoNEXT 2017 and the associated workshops, which will include the student workshop, among others to be determined. This program will expose students to new ideas in these emerging areas, and allow them to interact with other researchers thereby broadening their intellectual horizons. In particular, the student workshop focuses on providing students an opportunity to present their work in progress, receive feedback on their work, and obtain valuable experience in writing and presenting technical papers. 

This project integrates research and education of students through exposure to a premier technical meeting in computer networks and communications. Students will have the opportunity to observe high-quality presentations and interact with senior researchers in the field both in the main conference and the associated workshops. The proposed student participation will have a positive impact on the quality of their research. Women and other minorities are encouraged to participate. The CoNEXT conference has developed into a top-tier international conference, presenting a tremendous opportunity to students to expand their breadth of ideas, research skills, and technical perspective.",National Science Foundation,NSF|abstract|assigned,"Workforce Development & Institutional Partnerships"
131881,NANOTHERAPEUTIC STRATEGY FOR MULTIDRUG RESISTANT TUMORS,"DESCRIPTION (provided by applicant):    The development of multi-drug resistance (MDR) is a major cause of failure in chemotherapeutic management of cancer. In breast cancer, for instance, more than 50% of the patients relapse due to acquired resistance to standard chemotherapy regimens. Novel strategies to overcome MDR in a clinically meaningful way that does not expose the patients to significant toxicity are urgently needed.   In the proposed study, our strategy to overcome MDR in vivo relies on a multifunctional approach to optimize delivery of pro-apoptotic drugs to the tumor mass, increase the intracellular drug concentrations, and reverse cellular resistance by modulating ceramide levels. The preliminary studies show that we can prepare tumor-targeted biodegradable polymer-based engineered nanocarriers (PENS) for encapsulation of hydrophobic pro-apoptotic drugs, like paclitaxel. We have also found that increasing intracellular ceramide concentrations by delivery from exogenous source or inhibiting the metabolism results in significant enhancement of cytotoxicity in sensitive and resistant tumor cells. C6-ceramide and tamoxifen, a potent inhibitor of ceramide metabolism, were co-administered with paclitaxel for synergistic activity in tumor cells and in vivo. Based on these preliminary findings, we are confident that PENS, developed using engineering design criteria, can be made to efficiently deliver multiple therapeutic agents to the tumor mass.   The specific aims of the proposal are: (1) to develop, characterize, and optimize long-circulating, biodegradable polymeric nanocarriers with encapsulated paclitaxel, ceramide, and tamoxifen, either alone or in combination, (2) to evaluate the uptake, distribution, intracellular concentrations of paclitaxel, ceramide, and tamoxifen, cytotoxicity, and apoptotic activity in culture of sensitive and resistant tumor cells, (3) to examine the biodistribution and pharmacokinetic profiles of drugs administered in the control and nanocarrier formulations in sensitive and resistant xenograft tumor models established in nude mice, (4) to determine the antitumor efficacy of single and combination therapy in PENS in sensitive and resistant xenograft models, and (5) use mathematical modeling to improve the design of nanocarriers for tumor-targeted delivery of single and combination drug therapy.   The results of this study would be extremely valuable in the treatment of refractory tumors using a multifunctional nanotherapeutic approach that efficiently delivers the drug and can overcome cellular resistance. The multimodal nanocarrier strategy proposed here would provide a translatable approach to overcome MDR in cancer patients.",National Institutes of Health,NIH|abstract|assigned,Biomedical Sciences
131969,BIODEFENSE THERAPEUTICS FROM UNCULTURED MICROORGANISMS,"DESCRIPTION (provided by applicant): Our long-term goal is to exploit \""unculturable\"" soil microorganisms for production of broad-spectrum antibiotics against potential biowarfare agents. Soil microorganisms have served as the main source of antibiotics, but only 1% grow in vitro, and have been over mined. In this exploratory project, we will develop approaches to culture the bulk of this previously inaccessible biodiversity, based on a method we developed for growing uncultured marine organisms (Kaeberlein, T., Lewis, K., and Epstein, S.S. (2002) Isolating \""uncultivable\"" microorganisms in pure culture in a simulated natural environment. Science 296:1127-1129). We also aim to achieve proof-of-principle for obtaining antibiotics from uncultured soil microorganisms. The specific aims are:  1. Growing uncultured microorganisms. Methods for growing soil microorganisms in situ will be optimized. This will form the basis for then developing in vitro culturing methods, based on our findings with marine organisms. The two approaches we will use are \""domestication\"", sequential subculture in a diffusion chamber and subsequent adaptation to growth in vitro. and co-culture with symbiotic organisms+  2. Screening for antimicrobial activity against BW agents. Extracts from individual microorganisms will be obtained and tested for growth inhibition activity with an avirulent Bacillus anthracis* and LVG strain of Francisella tularensis. Hits will be verified against virulent strains of B. anthracis and F. tularensis (NIAID category A).  3. Purification and identification of antimicrobial compounds. Early-stage dereplication will indicate extracts containing antimicrobial compounds of chemical novelty, and these will be used to isolate a pure substance. A sufficiently pure compound will be used to determine MIC with the pathogen strains, and those with high potency will be studied further. Determination of chemical structure will be performed by a combination of MS and NMR methods.",National Institutes of Health,NIH|abstract|assigned,Biomedical Sciences
1329067,Determining treatment sensitivity in B cell lymphoma by novel microfluidics-based NK cell immunogenicity platform,"Abstract  B cell non-Hodgkin lymphomas (bNHL) are the most common lymphoma subtype representing >85% of all NHLs. bNHL are typically treated the anti-CD20 antibody (e.g., rituximab) alone or in combination with chemotherapy. There are currently, however, no biological methods or markers to predict the sensitivity or resistance to rituximab (or any other) antibody therapy. A key feature of antibody activity occurs through natural killer (NK) cell-mediated killing of antibody-coated target tumor cells, however, antitumor activity and subsequent resistance, is poorly understood. In this application, we propose to develop and validate a high throughput droplet based microfluidic platform to investigate the key features of NK cells associated with rapid, slow or inactive tumor killing kinetics in NHL. We will first adapt a novel approach and integrate the biocompatible acoustofluidic droplet sorter during the droplet microarray formation to determine the phenotypes of immune-target cell interaction in microfluidic droplets. We will validate a droplet-based microfluidic device to interrogate single-cell dynamic responses and cell-cell interactions within intact droplets. Next, we will demonstrate a high-purity (>95%), high-throughput (>10,000 events/s), four-channel acoustofluidic droplet sorter to integrate with droplet analysis array. The downstream 4-channel sorting will allow, after establishing the kinetic profiles of interactions, to identify and sort droplets containing active lymphocytes into a distinctive pool. separate basal lymphocytes into another pool based on fluorescence. A unique function of selecting sorting criteria based on imaging analysis can be provided by the combination of droplet imaging array and acoustofluidic droplet sorters, which is unachievable for conventional fluorescence activated droplet sorters (FADS) since imaging tracking is inherently tricky in high-speed flow. Thus, our approach serves as a ?bottom-up? method of classification, by first identifying distinct functional categories and then probing the content of the individual cell category to determine the key factors for the molecular classification of heterogeneous immune functions of NK cells related to target cell kill. In addition, we will identify NK cell heterogeneity and bio-functional characteristics to discover novel drug combinations for NK cell dependent immunotherapy via an integrated acoustofluidic droplet sorting platform. We will demonstrate that the accuracy of phenotype identification of our device and its suitability for clinical applications by monitoring and classifying NK/NHL single cell interactions in the presence of monoclonal antibodies and performing biochemical secretome assay from ?hyperactive?, ?basal? and non-responsive pools. By combing these findings with drug screening and identification of phenotype altering drugs, we will demonstrate the applicability of this technology for personalized medicine and rational clinical immunotherapeutic applications. We envision our platform may be leveraged in a variety of single-cell analysis applications in immunotherapy and it will provide high value to the bioengineering, biomedical, and therapeutic research communities.",National Institutes of Health,NIH|abstract|noise,Biomedical Sciences
1333357,Flood Risk and Property Rights in Delta Megacities,"This research project will analyze the impact that growing awareness of future flood risk has on laws, policies, and norms concerning property rights in large metropolitan areas located in major river deltas.  The investigator will examine social, political, and legal facets of a city that is undertaking massive and disruptive planning and infrastructural interventions in response to projections of significant increases in flooding.  This project will contribute to basic understanding of the political and legal debates that emerge in flood-prone cities between those who argue that property rights need to be constrained to implement infrastructure improvements and enforce land-use regulations and those who advocate strengthening property rights to empower community-based efforts at flood mitigation.  The project will inform debates about laws and policies concerning the terms of eviction and resettlement for flood mitigation initiatives. The project will also contribute to theoretical debates about the ways that hazard risk impacts dynamics of urban politics.  The findings will provide new insights for flood-threatened cities in the United States, such as New Orleans, Boston, and New York, in addition to cities on other continents, such as Jakarta, Indonesia. Bangkok, Thailand. Manila, Philippines. Lagos, Nigeria. and Alexandria, Egypt.  The project also will help build infrastructure for research on policy issues related to flooding and risk management in the United States and elsewhere.

While substantial research attention has focused on infrastructural and governance questions related to floods, there has been relatively little attention given to the social, political, and legal implications of flooding.  With increases in the number and magnitude of major urban floods in recent decades and further increases projected for the coming decades, however, many delta cities are undertaking policy and planning initiatives and political reforms that raise fundamental questions about the distribution of hazard resilience and the costs of mitigation efforts.  Questions of property rights constitute a key element in debates over flood mitigation, because the interactions among land, water, and human systems that are under question in these debates are related intrinsically to the question of who has what rights to use land.  This project will focus on key questions that are central to these issues:  How have state actors sought to redefine property rights in light of flood risk? What strategies have non-state actors pursued to contest eviction and assert their own claims?  What legal and institutional changes have resulted?  What are the implications of these dynamic interactions for urban politics?  In his investigation of a case study of one major metropolis astride a large delta, the investigator will review documents, policy reports, and media accounts, and he will conduct interviews with key actors in order to analyze court cases concerning the property rights of low-income communities that face eviction under government initiatives to \""normalize\"" rivers to improve drainage.  He will employ a geographic information system to evaluate the spatial dynamics of eviction accompanying efforts to increase green space.  He also will analyze government reports and plans, academic studies, media accounts, and information garnered through interviews with key stakeholders to assess shifting perspectives on property rights resulting from a major government flood mitigation initiative.

This award reflects NSF's statutory mission and has been deemed worthy of support through evaluation using the Foundation's intellectual merit and broader impacts review criteria.",National Science Foundation,NSF|abstract|assigned,"Social Science, Public Policy & Education Research"
1337096,Network Psychiatry: Using Network Science to Advance Our Understanding of Post-Bereavement Psychopathology,"ABSTRACT
Bereavement is a potent and ubiquitous stressor. More than 10 million individuals experience the death a loved
one each year in the United States, increasing risk for numerous psychiatric disorders, including complicated
grief. Despite the substantial burden conferred by these disorders, we know little about their nature and etiology
and, consequently, are limited in our ability to predict, prevent, and treat post-bereavement psychopathology.
Recently, my colleagues and I proposed that bereavement-related mental disorders, such as complicated grief,
are best understood as complex systems of mutually reinforcing symptoms. In two studies, we used the tools of
network science to study the structure of the complicated grief symptom network. These studies allowed us to
identify which symptoms are most central to the complicated grief network and provided some of the earliest
evidence that understanding network topology can inform our understanding of the course of complicated grief.
My core aim for this career development award is to become an expert in network science and to use the
tools of network science to study complicated grief as a complex psychobiological system. The proposed
research study will build on our previous research through four critical innovations. First, we will use intensive
time-series data to estimate the intra-individual network structure for each patient, providing information about
the unique psychobiological processes operating within that individual. Second, we will focus our analyses on
the elements of the complicated grief syndrome that align with bereavement-related Research Domain Criteria
(RDoC) constructs, linking our analyses to the broader effort to understand these individual components of
psychopathology. Third, we will incorporate biological units of analysis into our intra-individual network and
study how individual differences in physiological reactivity contribute to the complicated grief syndrome.
Fourth, we will use intra-individual network parameters to predict the course of complicated grief over time.
The approach taken in this study is innovative because it adopts a novel conceptual framework for
understanding and studying psychiatric disorders that is rooted in the rapidly growing multi-disciplinary field of
network science. It is significant because it will elucidate the patient-specific psychobiological mechanisms
contributing to the development and onset of bereavement-related mental disorders. Moreover, it will introduce
new tools into the field of psychiatry that will allow us to better predict, prevent, and treat psychopathology at
the level of the individual patient, moving us closer to the aim of a precision medicine approach to psychiatry.",National Institutes of Health,NIH|abstract|noise,Public & Behavioral Health
1339792,Novel Probes for N-Acylethanolamine-Hydrolyzing Acid Amidase Function,"DESCRIPTION (provided by applicant): N-Acylethanolamine-hydrolyzing acid amidase (NAAA) is a lysosomal enzyme that has an important role in the deactivation of N-acylethanolamines (NAEs), bioactive lipid mediators/signaling molecules present in mammalian tissues (1, 2). In this application, we propose to develop novel NAAA inhibitors to serve as a basis for the future design of pharmacological probes and therapeutic medications. The primary substrate is N- palmitoylethanolamine (PEA), an agonist for the peroxisome proliferator-activated receptor-? (PPAR-ligand ?) (3, 4). However, there is significant activity against other NAEs including the endogenous agonists of the cannabinoid receptors CB1 and CB2, also known as endocannabinoids(5). The potential of NAAA as a druggable target has been demonstrated preclinically for analgesia in treating chronic pain and inflammation with the possibility of few or no side effects (6, 7). A reduction in the reinforcing addictive nature for drugs of abuse (8-10) has also been reported for inhibition of NAAA. These characteristics make NAAA an excellent therapeutic target for discovery of novel compounds to treat pain and inflammation without the addictive properties of opioids. In addition NAAA inhibitors are potentially important pharmacological probes by which the influence of PPAR-? signaling on addiction may be studied. At present, there are few NAAA inhibitors available, with the most successful of those published exhibiting a very short duration of action. We have developed a fluorescence-based assay through which we have screened our library of compounds and found several lead compounds that have distinct NAAA inhibitory profiles. In addition we have cloned, expressed and purified milligram amounts of NAAA and obtained the first NMR spectrum of the enzyme. With these tools in hand, we will utilize our lead compounds to probe the molecular features involved in the catalytic site of the enzyme, using a combined iophysical/biochemical approach that will elaborate structural details to inform the synthesis of next-generation NAAA-specific inhibitors. Such inhibitors will be used as probes to exploit its potential as a novel therapeutic target.",National Institutes of Health,NIH|abstract|assigned,Biomedical Sciences
1348894,CSR: Small: Ultra-Low Power Analog Computing and Dry Skin-Electrode Contact Interface Design Techniques for Systems-On-A-Chip with EEG Sensing and Feature Extraction,"Electroencephalography (EEG) is used for the analysis of many neurological disorders such as epilepsy, sleep disorders, encephalopathy, and coma. Perpetual monitoring and processing of EEG signals helps the treatment inside and outside of the hospital environment. However, the power consumption involved in signal acquisition, processing, and communication has remained high for wearable wireless EEG devices. This research will develop an ultra-low power (ULP) EEG acquisition and processing system-on-a-chip (SoC) using a new analog computing technique instead of conventional digital processing system. This SoC will be able to identify a seizure event in the analog domain, incorporating learning and continuous signal processing.

The analog processing and feature extraction capability will be realized with precise amplifier and filter design techniques to achieve stabilities down to 10s of parts-per-million (ppm)/degree for gains and filter cutoff frequencies. The feature extraction method will measure the power levels in various EEG spectral bands by utilizing these precise analog amplifiers and filters to detect the onset of seizures. Power level threshold setting and simple vector model based training methods will be implemented on-chip for seizure characterization and detection. A capacitance cancellation scheme with online calibration will be devised to acquire EEG signals with higher input impedance for brain-computer interfaces requiring long-term monitoring. 

The results from this research will improve the acquisition of EEG signals for predicting the onset of seizures with small portable devices, which impacts 2% of the world's population. The proposed SoC will be particularly beneficial in future miniaturized wearable devices for continuous EEG signal monitoring outside of hospital environments. Knowledge obtained from this project will be integrated into graduate and undergraduate education. results from the project will be disseminated through journal articles and conference presentations. Undergraduate researchers and high school interns will be involved and trained in the project.   

Publicly shared data collected as part of this research will be deposited into Northeastern University's Digital Repository Service (DRS), which is a digital archive developed and maintained by the library (https://repository.library.northeastern.edu). It provides security for the files it stores, as well as access management controls and support for various metadata standards to help ensure that data is as accessible and usable in the present and the future. All project participants will have access to a project management database stored on local servers with design and simulation data. The project data will be maintained for at least 3 years after the conclusion of the project.

This award reflects NSF's statutory mission and has been deemed worthy of support through evaluation using the Foundation's intellectual merit and broader impacts review criteria.",National Science Foundation,NSF|abstract|noise,"Computing, Networking & Robotic Systems"
1348905,"NSF Student Travel Grant for 2018 ACM SIGPLAN Conference on Systems, Programming, Languages and Applications: Software for Humanity (SPLASH)","The ACM SIGPLAN Conference on Systems, Programming, Languages and Applications: Software for Humanity (SPLASH) embraces all aspects of software construction and delivery to make it one of the premier conferences at the intersection of programming languages and software engineering. This grant provides travel funds to support student attendance to the conference. The support will focus on students who are attending the several mentoring events that have been planned at SPLASH. The grant will be used for US citizens/residents and other US-based students and will give priority to underrepresented groups, first-time attendees, and those in need of economic support. 

There is intellectual merit in the technical exchange of information and research conversations/collaborations made possible by the conference, as well as advances in the field made possible by these interactions. The proposal also provides education, training and mentoring received by the participants. The international nature of this conference helps develop a globally-aware workforce of research and educators within the US and helps build the community of researchers in the field of Software Engineering.

This award reflects NSF's statutory mission and has been deemed worthy of support through evaluation using the Foundation's intellectual merit and broader impacts review criteria.",National Science Foundation,NSF|abstract|assigned,"Workforce Development & Institutional Partnerships"
1349801,NSF/MCB-BSF:Elucidating the role of ERM proteins in cytoskeletal orientation in a contractile tissue,"Animal bodies are full of biological tubing: blood vessels, lung airways, intestines, the reproductive system, and ducts and glands of various sorts. These tubes are composed of cells that squeeze and relax to move contents through the tubes in the correct direction, at the correct rate, and in a coordinated manner. The squeezing is driven by a molecular machine called the acto-myosin cytoskeleton, which is comprised of tiny motors that pull on a girdle-like mesh of fibers to contract the cells. The \""girdle\"" must be lined up properly and coordinated between cells for tubes to work properly. However, little is known about how this \""girdle\"" knows how to squeeze the right amount at the right time or how its fiber alignment changes in response to changing mechanical conditions. To better understand how this process works, the Cram and Zaidel-Bar labs study the reproductive system of a small nematode worm called C. elegans. This worm can produce its body weight in babies every day, so many eggs have to be squeezed through the reproductive system in a coordinated and robust manner. This system was chosen because the worm is transparent, which makes it easy to see the response of the \""girdle\"" in real time in a living animal, and the system uses the same cellular components as do other animals. This project will determine, molecularly, how the worm's acto-myosin \""girdle\"" responds to the stretch of eggs entering and exiting the system, and how it contracts just the right amount to push the eggs through in the right direction and without mangling them. Because similar genes regulate acto-myosin contraction in many animals, the results should be broadly applicable up to and including primates. Broader impacts of this project include developing materials to help undergraduates learn how to be scientists, and involving high school teachers in research experiences and helping them design projects that they can take back to their classrooms.

Actin networks in contractile cells, such as the smooth muscle and endothelial cells of the vasculature, are critical for cell contractility, motility, and tissue function. But, how do cells organize their actin cytoskeletons in response to changing mechanical conditions? And how is cytoskeletal alignment coordinated between cells to produce a cohesive tissue-level response? To address these questions, the Cram and Zaidel-Bar labs have developed a new in vivo model system: the C. elegans spermatheca, a stretch-responsive and contractile tissue in the nematode reproductive system. The Cram lab has discovered that during the first ovulation, myosin becomes activated and pulls a network of loose actin fibers into aligned and oriented stress-fiber like acto-myosin bundles. In a screen through all actin binding proteins in C. elegans, the ezrin-radixin-moesin (ERM) proteins Merlin (NFM-1) and Ezrin (ERM-1) were identified as key tissue-level regulators of actin fiber orientation. ERM proteins can bind plasma membrane, actin, and transmembrane proteins, placing them ideally to regulate cell responses to stretch. Using live imaging, biochemical, genetic, and optogenetic approaches, this collaborative team will elucidate the role ERM proteins play in actin organization within and between cells of the spermatheca. Aim 1 will determine the dynamics of the ERM proteins during spermathecal stretch and contraction and discover the mechanism by which these proteins regulate the apical and basal actin networks and tissue-level organization of the actin cytoskeleton. Aim 2 will determine how ERM proteins both regulate and are regulated by the small GTPase Rho, including analysis of a novel regulator C45G9.7/Tip1, to promote cytoskeletal organization and orientation. This project will reveal that Merlin and Ezrin, important regulators of the actin cytoskeleton, act not only within individual cells, but in tissue-level coordination of actin cytoskeletal alignment. Novel roles for ERM proteins in cell response to physiological levels of strain will be revealed, including, how the cytoskeleton adapts its orientation and alignment for optimal tissue contractility. The Broader Impacts of this project include 1) developing a structured mentoring approach for undergraduate research and 2) involving science teachers in independent research with the goal of enhancing K-12 STEM education.

This collaborative US/Israel project is supported by the US National Science Foundation and the Israeli Binational Science Foundation.

This award reflects NSF's statutory mission and has been deemed worthy of support through evaluation using the Foundation's intellectual merit and broader impacts review criteria.",National Science Foundation,NSF|abstract|assigned,Biomedical Sciences
1359433,Relating neuroimmune and neurovascular alterations during Alzheimer's Disease progression,"ABSTRACT This project will explore how alterations in neuroimmune interactions, neurovascular signaling, and cerebral metabolism contribute to Alzheimer's disease (AD) pathology, along with the potential benefits of exercise (aka physical activity). Given the rapid, aggressive deterioration in cognition and function following clinical prognosis and the dire threat that AD poses to the rising aging population, the current lack of therapeutic techniques and early, robust diagnostic markers of AD onset and progression constitutes a critical challenge for modern healthcare. In addition to strongly associated pathological hallmarks such as accumulation of amyloid-? oligomers/plaques and neurofibrillary tangles, AD progression involves a pronounced neuroinflammatory response from CNS cells like microglia and astrocytes, as well as impairments to cerebral blood flow, energy metabolism, and cellular signaling. These processes reportedly initiate several years before the first symptoms of cognitive decline become evident. Because no individual preclinical AD symptom correlates perfectly with cognitive impairment, untangling the relationships and interdependencies between these pathological alterations is necessary to better understand the complex pathogenesis of AD, and it requires characterization of intricate cellular and vascular interactions with high spatial resolution in living brains of preclinical models. Furthermore, although the protective mechanisms remain unclear, physical activity shows promise for reducing the likelihood and severity of cognitive impairment in elderly subjects. Using a broad assortment of custom-designed advanced microscopy methods, we will explore, at the cellular and microvascular level, how seemingly distinct neuroimmune and cerebrovascular changes are interrelated and how they collectively contribute to the devastating AD-related neurodegeneration in preclinical mouse models of AD. We will also investigate how physical activity can mitigate these neuroimmune and neurovascular alterations. The results will help us understand in much greater detail the multifaceted structural and functional changes that ensue in the brain over the ~2 decades before clinically-observable cognitive deficiencies manifest, and they will help guide new early intervention and treatment strategies to minimize AD-related cognitive degradation.",National Institutes of Health,NIH|abstract|noise,Public & Behavioral Health
1366686,Understanding of therapeutic cells functions: A single-cell lab on a chip,"The human body is capable of killing cancer cells without the assistance of drugs. This occurs frequently and is credited to cells that are part of the immune system.  They are referred to as natural killer (NK) cells. The mechanism of their interaction with cancer cells is not understood well. One major difficulty is that the interaction is occurring within the body, and we usually do not detect it until a large population of cancer cells (a tumor) is present. At that point, a large number of tumor cells is interacting with a large number of NK cells. A lot more could be learned about the functions of the NK cells if they were observed interacting individually with a single cancer cell. This project will design a device that should enable those observations to be made by creating droplets containing one NK cell and one cancer cell. The device will be used to measure several aspects of the interaction. It will also allow the observation of NK cells with cancer cells that are in many different stages of development, and activity in the presence of different drugs. If this project is successful, it could lead to dramatic improvements in strategies for cancer immunotherapy, leading to longer and healthier lives after a cancer diagnosis. In addition, this project will support research experiences for high school and college students. It will also train community college faculty in many of the research techniques used, greatly amplifying the positive impact on developing a highly skilled biotechnology workforce.

The project will focus on a novel microfluidic chip that will integrate large arrays to guarantee sufficient number of reactions for screening, and parallel designs to achieve multiplexing capabilities. The parallel device designs will enable screening of different combinations of drugs/concentrations/cells across multiple storage arrays of bio-reactions. These designs simplify the number of inlets required for operation of the micro-chip and create micro-channels with unified flow resistance for synchronous generation of bioreactors with the same dimensions/volumes. Furthermore, the design incorporates an on-board gradient generator that creates a series of drug concentrations and enables testing of different therapeutic cell lines against one target specimen. The single cell resolution and the dynamic measurement of multiplex biomarkers allows the dynamic assessment of the specific state of any cell type before during and after therapy. This allows regulation mechanisms of activation and inhibition and the causality of events to be determined. Thus the proposed on-chip approach allows concurrent assessment of vaccine therapeutic potential, correlating mechanistic and functional information to gain greater insight into cell functions and responses at multiple levels. The methods developed by the proposed studies will further allow us to answer important biological questions. These include the contribution of stochasticity in regulating cell-based therapies, and cell responses and variation in response to a broad range of immunomodulatory stimuli.

This award reflects NSF's statutory mission and has been deemed worthy of support through evaluation using the Foundation's intellectual merit and broader impacts review criteria.",National Science Foundation,NSF|abstract|noise,Biomedical Sciences
1367913,RAPID: Collaborative Research: Sediment and Contaminant Mobilization by Extreme Flooding associated with Hurricane Florence,"High magnitude riverine floods are an increasingly recognized process shaping landscapes, mobilizing sediment and contaminants and building stratigraphic records. Tropical cyclones are the dominant mechanism that delivers extreme precipitation and produces high magnitude riverine flooding. Hurricane Florence made landfall in North Carolina on Sep 14, 2018 where it stalled and generated heavy precipitation and historic flooding on rivers across the lower Atlantic coastal plain. These floods reshaped floodplains and mobilized a range of contaminants from industries in the region, providing a unique opportunity to study the geomorphic and environmental effects of an extreme flood. The PIs will systematically collect sediment deposited by the flood in the lower reaches of the Pee Dee River system, one of the largest watersheds in the southeastern US, to investigate the lateral and longitudinal patterns of sediment and associated contaminant deposition immediately following flooding caused by a landfalling hurricane. This research will clarify how extreme flood events carry sediments and contaminants from land to sea, a process affecting the health of people and ecosystems along the way. Identifying and quantifying contaminant inputs to Winyah Bay has critical implications for coastal ecosystem management and public health. Findings will be communicated to local stakeholders and decision makers. The project will fund a multidisciplinary team that encompasses geoscientists, environmental scientists, and environmental engineers across a range of career stages. A diverse group of undergraduate and graduate students from Coastal Carolina University and Northeastern University will participate in the proposed activities to gain research experience and develop research activities that can be built into their academic programs.

Landfalling hurricanes generating riverine flooding hazards on the Atlantic Coastal Plain affect millions of area residents. This project takes advantage of a rare extreme flood to observe how this type of event shapes the floodplain of an alluvial river system and transports sediment and contaminants from land and point sources to the coastal ocean. The PIs will collect floodwater sediment samples before other processes remove or erode the flood-born deposits. They will analyze sediment characteristics, conduct 7Be dating of sediment to confirm timing of deposition, and measure concentrations of organic (Polycyclic aromatic hydrocarbons. PAHs) and trace metal (V, Cr, Mn, Fe, Co, Ni, Cu, Zn, As, Se, Ag, Cd, Sn, Hg, Pb, and Bi) contaminants in the floodwater sediments. Like flood and contaminant research resulting from Hurricane Harvey (2017), the work is highly relevant and illustrative of the need to track contaminant dispersal as a public health issue. Using both PAHs and the selected trace metals will provide stronger source identification for PAH compounds, e.g., run-off from roads, parking lot sealcoat, or associated with coal combustion. The proposed activities build on an active NSF project (EAR-1804799) supporting PIs Munoz and Shen that develops sedimentary records of flooding on alluvial rivers (paleofloods) by providing a modern analogue of sediment deposition by an extreme flood. Data will aid in understanding landscape and ecosystem responses to extreme flooding and improve paleoflood and paleo-tempestological reconstructions of past storm activity and periodicity in heavily populated coastal regions.

This award reflects NSF's statutory mission and has been deemed worthy of support through evaluation using the Foundation's intellectual merit and broader impacts review criteria.",National Science Foundation,NSF|abstract|assigned,Environmental Science & Ecology
1368241,"Planning Grant: Engineering Research Center for Sharing economy - Humans, Automation, Resilience and Engineering: SHARE","The Planning Grants for Engineering Research Centers competition was run as a pilot solicitation within the ERC program.  Planning grants are not required as part of the full ERC competition, but intended to build capacity among teams to plan for convergent, center-scale engineering research.

The sharing economy can be characterized as a system of dynamic decentralized networks that enables the increased utilization of assets by directly and nimbly matching supply and demand. It is forecasted to grow from $14 billion in 2014 to $335 billion by 2025. Technology has enabled these new platforms to flourish, disrupting traditional businesses and transforming the future of transportation, lodging, computing, energy, and other services. The estimated impact of sharing economy practices on society is striking, directly affecting the lives of more than a quarter of the adults living in the USA. However, the rapid pace of change of new sharing economy technology and practices has resulted in limited understanding of the dynamic interactions of these platforms with the society. The lag in understanding is dangerous as disruptive changes continue to accelerate.  Further, while new technology alters the dynamic interactions in how services are provided and distributed, fair and appropriate regulations of the multiple emerging new ways of providing services has not kept up and adapted. SHARE's Vision is a world in which sharing economy platforms are intentionally engineered for socially desirable outcomes considering their long-term sustainability, cyber-security, resource usage efficiency, impact on the environment, workforce and community relations, interactions with public services, and value-creation.  

SHARE multidisciplinary team of researchers will take the first step toward enabling this convergent vision of a future economy. together with stakeholders, they will not only define the research challenges that will eventually underlie a unified framework for the sharing economy, but also develop the educational programming that must accompany the research to ensure the workforce is in place now and going forward in this key area. SHARE?s Mission is to maximize the positive impact of the sharing economy through integrated comprehensive, trans-disciplinary research that will document and explore changing dynamics, develop new technologies and algorithms for optimizing design, operation, incentives, and security, and identify and compare regulatory and data sharing practices that influence the real-world implementation of sharing economy platforms. We will organize a multi-disciplinary workshop to start what we believe is one of the first convergent dialogues on the sharing economy, to ultimately build a trans-disciplinary research team and a diverse stakeholder community that can synthesize the outcomes of the workshop into meaningful applied focus areas with significant societal impact and sound fundamental research thrusts. The proposed workshop will be formally documented via a report, which will serve as a roadmap for future efforts in this area by the investigators and other researchers.

This award reflects NSF's statutory mission and has been deemed worthy of support through evaluation using the Foundation's intellectual merit and broader impacts review criteria.",National Science Foundation,NSF|abstract|noise,"Workforce Development & Institutional Partnerships"
1457383,CPS: Small: Collaborative Research: SecureNN: Design of Secured Autonomous Cyber-Physical Systems Against Adversarial Machine Learning Attacks,"Cyber-physical systems such as self-driving cars, drones, and intelligent transportation rely heavily on machine learning techniques for ever-increasing levels of autonomy. In the example of autonomous vehicles, deep learning or deep neural networks can be employed for perception, sensor fusion, prediction, planning, and control tasks. However powerful such machine learning techniques have become, they also expose a new attack surface, which may lead to vulnerability to adversarial attacks and potentially harmful consequences in security- and safety-critical scenarios. This project investigates adversarial machine learning challenges faced by autonomous cyber-physical systems with the aim of formulating defense strategies. The project will collaborate with the Center for STEM (Science, Technology, Engineering and Math) Education at Northeastern University and the Office of Access and Inclusion Center at University of California at Irvine to engage undergraduates, women, and minority students in independent research projects.

This project is composed of two interdependent research thrusts, one for investigating adversarial attacks and one for devising countermeasures, aiming to secure the key deep learning-equipped software components of autonomous cyber-physical systems, such as perception, obstacle prediction, and vehicle planning and control. The main deep learning techniques of interest to autonomous cyber-physical systems include convolutional neural networks for detection, recurrent neural networks for prediction, and deep reinforcement learning for control. The technical innovations of the project include ADMM (Alternating Direction Method of Multipliers) based attack generation, concurrent adversarial training and model compression, and multi-sourced defense schemes incorporating adversarial training and ensemble learning. This project will implement and evaluate the proposed attack and defense approaches on real-world prototypes of autonomous cyber-physical systems for autonomous vehicles and unmanned aerial vehicles in the investigators' labs. The investigators will release all the developed models, algorithms, and software to GitHub to facilitate community usage.

This award reflects NSF's statutory mission and has been deemed worthy of support through evaluation using the Foundation's intellectual merit and broader impacts review criteria.",National Science Foundation,NSF|abstract|noise,"Computing, Networking & Robotic Systems"
1457625,CHS: Medium: Collaborative Research: Empirically Validated Perceptual Tasks for Data Visualization,"Understanding quantitative data is a foundation of science, education, and the public communication of information about public policy and health. Our brains process and understand numbers far more efficiently when we can rely on data visualizations, allowing us to process patterns in data by leveraging the 40% of our brain that processes visual patterns in the real world. Decades of research in data visualization has produced evidence-backed guidelines for how to design the best data visualization for a given data analysis or communication task. But this process is limited by our incomplete understanding of the process by which we recognize patterns in visualized data. When people see a weather map color-coded by temperature, are they processing the hot and cold colors at the same perceptual moment, or just one? When they inspect a scatterplot, are people processing individual points, or the shape of the whole collection? This project will combine past research in the study of human vision, research in data visualization, and new research at the intersection of those two fields to create a model of how the visual system pulls patterns and statistics from visualized data. This model will lead to a more complete understanding of how to best harness the power of human vision to analyze a given dataset and to communicate a critical pattern clearly to an audience. this model will then be used to improve existing visualization tools.

Data visualization research has sought to find the best visualization for a given data analysis task. For example, scatterplots allow relatively precise judgment of correlations, while line graphs are a powerful way to inspect trends over time. But systematically testing the performance of many tasks across many visualizations has not revealed systematic patterns of performance that would allow us to predict why some matches lead to better performance, what design changes might alter that performance, or how novel visualizations might perform. One problem is that current work is limited to focusing on what viewers want to accomplish, without being able to capture how viewers actually perform these tasks. The goal of the proposed research is to refine and empirically evaluate a lower-level model of \""perceptual tasks\"" that underlie higher level tasks (e.g. \""What is the average value in the dataset?\"") based on established results in perceptual psychology. First, the team will conduct a qualitative study that documents how people break a high-level task down into perceptual tasks, followed by an empirical evaluation of those qualitative findings. Next, the team will measure the precision and operation of the proposed perceptual tasks -- Filter Image, Judge Shape, Compute Distributions and Compute Ratio -- along with other tasks identified in the first study. together, these will provide a set of empirically-backed design guidelines to improve visualization effectiveness. Finally, the team will validate the model by comparing its predictions to findings from previous literature, then integrate new guidelines as constraints into the Draco visualization recommender system, which should improve its ability to predict the performance of different visualization designs. The resulting guidelines, model, and integration into Draco promise in turn to improve visualization education and practice.

This award reflects NSF's statutory mission and has been deemed worthy of support through evaluation using the Foundation's intellectual merit and broader impacts review criteria.",National Science Foundation,NSF|abstract|noise,"Social Science, Public Policy & Education Research"
1458191,FW-HTF-RL: Neurodiversity in Tech: Using Interactive Decision Theory and Augmented Reality to Enable Employment for Adults with Autism Spectrum Disorder,"According to Centers for Disease Control and Prevention, about 1 in 59 children in the United States has been identified with autism spectrum disorder (ASD).  This disorder occurs in all racial, ethnic, and socioeconomic groups, with an estimated cost of $137 billion per year in the US. ASD results in an unemployment rate as high as 80% in young adults who have the cognitive skill to contribute substantially to the economy. This research project seeks to capitalize on the unique strengths of neurodiverse populations.  These populations, which have previously been marginalized in the workforce, have unique talents that can be leveraged with the right support for the future of technical work. There is growing evidence that technical talent exists in ASD and other neurodiverse communities.  This project aims to help the nation tap this talent by providing appropriate training for neurodiverse groups and correcting assumptions embedded in the technical industry hiring practices. If successful, this project will develop and test a unique array of new technology-based tools to support facile communication of neurodiverse employees.  In addition, this work will evaluate and expand a program that prepares young highly-functioning adults on the autism spectrum and other neurodiverse young adults for technical employment. The long-term goal of the project is to increase the proportion of neurodiverse individuals participating in the technical workforce nationally.   

This project brings together several disciplines, including cognitive and behavioral sciences, computer vision, electrical engineering, economics, ethics, and education.  The investigator team is structured to achieve multiple convergent goals. First it will develop the intelligent system with multi-modal user activity perception in virtual reality and augmented reality settings that understands speech and facial clues in highly-functioning individuals with ASD. it will also examine potential educational barriers that currently inhibit successful technical employment, as well as the potential economic impact of available internship models and training tools. In addition, the research team will examine potential ethical issues emerging from the development of augmented training tools and innovative hiring practices. These augmented reality systems for remote and automated coaching of workers-in-training will provide feedback on verbal and non-verbal behavior in two- and three-person workplace social encounters.  This project also seeks to develop additional tools to assist with written workplace communication.  Finally, this research uniquely leverages the investigators' connections with technical industry partners to provide feedback on the work training program, and to innovate hiring practices so that this program and others modeled after it can successfully move trainees into the increasing number of technical positions available both locally and nationally.

This award reflects NSF's statutory mission and has been deemed worthy of support through evaluation using the Foundation's intellectual merit and broader impacts review criteria.",National Science Foundation,NSF|abstract|assigned,Public & Behavioral Health
1460062,AF: Small: Embedding Distributed Computations and Flows in Networks,"This project is motivated by fundamental problems arising in networks underlying enterprise and infrastructure systems. The diverse applications spanned in this project include cloud computing, datacenters, blockchain technologies, and networks of mobile devices. What is the best algorithm to map a collection of communicating processes in a cloud of heterogeneous servers? How should a large AI computation be embedded in a network of computers? How can the data-flow needs of a distributed system be effectively supported by the underlying datacenter network? Can a highly dynamic network support fast and reliable communication?  The focus of this project is on developing a rigorous algorithmic framework for studying these questions and designing efficient algorithms for the relevant problems.

The PI endeavors to translate the advances in algorithmic foundations of these problems to tangible benefits in the applications. The integrated educational component of the project includes experimental and measurement studies, several concrete directions for dissertation research, and a new course on ""Algorithms for Modern Networked Systems"". As part of an effort to broaden participation in computer-science foundations, the PI plans to lecture on graphs and their applications at a summer institute for participating middle- and high-school teachers from Boston-area schools. The ultimate goal is to engage young students from these schools and suggest a possible academic and professional future in CS to a diverse community.

The technical core of the project comprises three categories of algorithmic problems. The first component is on embedding distributed computations in arbitrary network topologies, with an emphasis on modeling heterogeneity in both the computational tasks and the network machines. The expected research contributions include (a) resolving the complexity of the minimum-stretch graph-retraction problem, which is a natural variant of classic metric embeddings, and (b) approximation algorithms for the communication-aware embedding of directed acyclic graphs. The second component is on embedding flows and their generalizations called coflows, which capture flow collections sharing a common performance goal. The aim here is to minimize objectives related to the response times of the flows, for general networks. Both the first and second components assume that the underlying network does not change with time. The third component of this project concerns embedding in dynamic networks. It seeks distributed algorithms for information flows in highly dynamic networks, and solutions to several temporal optimization problems for networks with known dynamics.

This award reflects NSF's statutory mission and has been deemed worthy of support through evaluation using the Foundation's intellectual merit and broader impacts review criteria.",National Science Foundation,NSF|abstract|noise,"Computing, Networking & Robotic Systems"
1460531,Chiroptical Sensing and Sorting by Structured Materials and Structured Light,"Chiral molecules are asymmetric molecules with left- and right-handed mirror images (called enantiomers) that cannot be superimposed.  The principal investigator will use rationally engineered metallic and dielectric nanostructures and structured light beams to substantially enhance sensing and sorting of chiral molecules via an entirely optical approach. This could lead to vastly improved particle and single molecule level detection over current methods. The development of a new class of novel chiral sensors can significantly improve the limit of detection and sorting of biomarkers of diseases and/or single molecules.

The proposed development includes, 1) use of chirality of optical fields to synergistically sense and manipulate chiral molecules, 2) fabrication of planar nanostructures using precision lithography techniques to create unique effects, 3) Potential use of nanocubes yielding highly unique sensing capability for sorting of chiral molecules as well as preferentially trapping molecules by chirality and 4) use of nanostructures for the development of ultrasensitive chiroptical spectroscopy using state of the art micro-/nano-manipulation techniques can lead to the development of new class of sensors for molecular sorting. 
.

This award reflects NSF's statutory mission and has been deemed worthy of support through evaluation using the Foundation's intellectual merit and broader impacts review criteria.",National Science Foundation,NSF|abstract|assigned,Biomedical Sciences
1462007,QLCI-CG: Conceptualization of The Institute for Quantum Biology on Quantum Computers,"The Quantum Leap Challenge Institutes (QLCI) program is part of the Quantum Leap, one of the research Big Ideas promoted by the National Science Foundation. This award is a QLCI Conceptualization Grant, which supports activities to build capacity among teams planning for the large-scale, interdisciplinary Challenge Institute projects that aim to advance the frontiers of quantum information science and engineering. Research at these Institutes will span the focus areas of quantum computation, quantum communication, quantum simulation, and/or quantum sensing. The Institutes are expected to foster multidisciplinary approaches to specific scientific, technological, and workforce development goals in these fields.
 
This Conceptualization Grant will develop well-formulated plans for a future Challenge Institute proposal along the theme of large molecule (biology) simulation leveraging electronic structure and quantum computation.

This award reflects NSF's statutory mission and has been deemed worthy of support through evaluation using the Foundation's intellectual merit and broader impacts review criteria.",National Science Foundation,NSF|abstract|assigned,Mathematics & Fundamental Physics
1462119,CNS Core: Small: BehavIoT: Modeling and Controlling Internet of Things Behavior Using Netowork-Inferred State Machines,"An increasing number of smart interconnected objects, known as the Internet of Things (IoT), are becoming affordable, popular, and rich in functionality. While these devices enabled a wide range of societal benefits including health, safety, accessibility and sustainability, they also present important security, privacy, and management challenges due to the large set of diverse services they offer. The fundamental problem that opens the door to such behavior is that IoT systems are traditionally closed systems that provide consumers and investigators with little-to-no information about whether a device (or set of devices) is behaving in ways that might violate expectations such as privacy, security, and correctness. To address this problem, this project will investigate how to automatically determine when IoT systems compromise privacy, security and correctness, and how to mitigate such problems. The key idea is to focus on information gleaned from the network traffic that such devices generate, since network traffic is the common platform that all such IoT systems ultimately rely upon. Specifically, the project will develop technology that models the behavior of an IoT system from its network traffic, then use these models to identify unexpected behavior. To mitigate unexpected behavior, the project will identify in-network strategies such as isolating, changing, and/or blocking such traffic. By understanding and modeling device behavior and addressing unexpected behavior from IoT devices, this project has the potential to improve safety and security for users. Further, by raising awareness of new and existing threats, our proposed work can encourage device manufacturers to improve the privacy, security, and correctness of their deployments.

The goal of this project is to explore the extent to which network-inferred behavioral analysis of IoT deployments, combined with control over the network traffic they generate, can identify and mitigate misbehavior in IoT systems. Our key insight is that IoT devices are particularly amenable to state-machine analysis, as they tend to have a limited set of functionality (i.e., states such as ""camera recording"", ""microphone listening"", etc.) that is triggered by a limited set of events. To address the fact that one cannot rely on source code to build such models via static analysis, this project will instead treat IoT devices as black boxes and inferring state-machine models that describe their behavior using the one externally observable signal all IoT devices generate: net- work traffic. After building such inferred state machines (and their transition probabilities), the project will analyze their evolution over time to identify misbehaviors -- when a device transitions between states in unexpected or unwanted ways (e.g., due to compromise, data exfiltration, or misconfiguration). To provide coverage of a wide range of misbehaviors, the project will (i) detect behaviors that never before encountered by relying on unsupervised classification techniques; (ii) consider the behavior of the system as a whole by combining in our model the behavior of individual IoT devices, thus capturing the cause of any emergent global system behavior; (iii) produce a system-wide behavior model that is easy to understand and analyze in practice, such as a state machine in which states represents changes in the behavior of individual IoT devices, and transitions show temporal dependencies expressed as probabilities. Finally, the project will employ middleboxes to actually use state machine models as a way to protect a whole IoT system from both individual and global misbehavior.  An advantage to this approach is that it is naturally platform-independent by relying on the common denominator in IoT systems, i.e., Internet traffic; further, an in-network solution can be immediately deployed (e.g., in a home or enterprise gateway) for broad impact.

This award reflects NSF's statutory mission and has been deemed worthy of support through evaluation using the Foundation's intellectual merit and broader impacts review criteria.",National Science Foundation,NSF|abstract|noise,"Computing, Networking & Robotic Systems"
1463498,"CAREER: Sparse-sampling inference for functional proteomics, metabolomics and ionomics","Northeastern University is awarded a grant by the NSF Faculty Early Career
Development (CAREER) Program to develop statistical and computational
tools for functional proteomics, metabolomics and ionomics. The
proposed research will address three inter-related aims: (1) Accurate
identifications and quantifications of proteins, metabolites and ions
from high-throughput experiments, which generate sparse data in form
of mass and nuclear magnetic resonance spectra; (2) Joint
interpretation and integration of these sparse heterogeneous datasets;
and (3) Optimal design of global and targeted follow-up experiments.
The proposed program is innovative in that it closely accounts for the
biological and technological characteristics of proteomics,
metabolomics and ionomics. As the result, it will increase the
sensitivity, accuracy, and scope of interpretation of the
investigations. The utility of the developed methods of statistical
inference, and of the associated open-source software, will be
demonstrated on functional screens of S. cerevisiae, which integrate
heterogeneous transcriptomic, proteomic, metabolomic and ionomic
datasets.
 
The proposed program will contribute to bridging the communication gap
between biologists, chemists and statisticians. The project will promote the
computational thinking, and the appropriate use of statistical
methodology, by making available case studies that are relevant to the
user community, by offering interdisciplinary tutorials and short
courses at scientific meetings and interdisciplinary courses at
Purdue, and by providing mentoring for graduate and undergraduate students across
departments.",National Science Foundation,NSF|abstract|noise,Biomedical Sciences
1464124,CAREER: ENGINEER A FUNCTIONAL 3-D VASCULAR NICHE TO SUPPORT NEURAL STEM CELL SELF-RENEWAL,"1350240
Dai

Adult neural stem cells (NSCs) have great potential for treating damage or disease of the nervous system.  However, these cells are rare and difficult to maintain in culture because they quickly lose their multi-potency after being removed from their native environment.  In vivo, NSCs reside adjacent to a vascular niche, suggesting that it may be possible to maintain these cells ex vivo if critical functional features of the vascular niche are recreated in the culture environment.

The hypothesis of the proposed studies is that formation of a perfused, functional vasculature within 3-D extracellular matrix promotes self-renewal of the surrounding NSCs.  To test this hypothesis, the following specific aims will be pursued: 1) Create a neurovascular unit that contains perfused vasculature and NSCs within 3-D matrix using a novel cell printing technology.  2) Establish the maturation process and functionalities of the synthesized structures with regard to matrix properties and culture parameters.  3) Examine the NSC behavior and cell fate using the engineered neurovascular unit; and determine critical factors that influence NSC fate and its relationship to the functional status of the vasculature.

Intellectual Merit:  The proposed research will build a 3-D perfused vascular niche to study NSCs in a physiologically relevant experimental system, in which individual components and parameters can be easily manipulated.  Using this system, the proposed research will define critical factors to achieve functionality of the vasculature and will elucidate underlying mechanisms of NSC self-renewal in the dynamically perfused system. Since vasculature is a key element of many adult stem cell niches, this research will have broader ramifications in studying other stem cell fields.  Overall, this work will identify design principles and operating parameters for the printed structures to support the growth of the surrounding tissues in vitro, and thereby lay the foundation to fabricate tissues of appropriate thickness for biomedical applications in the future.

Broader Impacts:  The proposed research has broader scientific impact in generating fundamental knowledge related to 3-D vascular tissue formation and its role in regulating NSC fate.  Therefore, the proposed studies are expected to help develop methods for the ex vivo expansion of patient-specific NSCs to treat spinal cord injury and neurodegenerative diseases, which will benefit patients and the society at large.  Research will be integrated with educational and outreach activities targeting K-12 education and underrepresented groups.  Activities demonstrating how engineers can solve societal challenges will provide incentives to students to pursue careers in science and engineering.",National Science Foundation,NSF|abstract|assigned,Biomedical Sciences
1467616,CAREER: Mechanistic Studies and Modeling of Self-Emulsifying Drug Delivery Systems,"CBET-0748048, Carrier

The research objectives of the project are: (1) to develop insight into the physical phenomena and physicochemical parameters governing emulsion function in the gastrointestinal (GI) environment, and (2) develop a computational model to predict the influence of emulsions on oral compound absorption. There are many studies in the literature reporting enhancement in drug solubility and/or oral bioavailability by specific emulsion formulations. The proposed approach is to break down the overall function of emulsions in the GI tract into comprising processes and study these processes using a comprehensive set of emulsion formulations statistically designed to test the possible range of physical and chemical properties (oil structure, surfactant hydrophilic-lipophilic balance, drug logP, etc.). Key mechanistic processes of emulsion function in the GI environment will be simulated in vitro. Specifically, the ability to form an emulsion in the mixed GI environment and kinetics of drug release, emulsion digestion, and intestinal permeability enhancement will be measured and related to formulation physicochemical properties. Appropriate kinetic expressions and dependence of kinetic parameters on formulation properties will then be integrated into a systems-based model. The ability of the model to predict the influence of emulsions on drug absorption will be validated using in vitro and in vivo experiments. The ability to predict when and how emulsions influence oral compound absorption will have a significant impact on societal health. Rational emulsion design will realize the potential of this technology to orally deliver drugs that may otherwise not be viable products, and insight will be gained into the 'food effect', a poorly understood phenomenon that influences the oral bioavailability of most drugs.
	
Highly integrated with the research activities is a multi-tiered educational plan focused on practice-oriented education. Specifically, the research provides educational substance for a novel industry-mentored, problem-based Engineering Analysis of Drug Delivery course to serve as a practice-oriented course model. Mechanisms for other faculty to develop the collaborations necessary to design similar courses will be established as part of this effort.  In addition, the cooperative education model at Northeastern University will be expanded to include graduate industrial and undergraduate academic experiences. Finally, tomorrow's researchers will be exposed to the excitement of engineering through extensive high school involvement in research and the 'Building Bridges' high school outreach program. 
	 

Semahat Demir, Ph.D.
Program Director
Biomedical Engineering",National Science Foundation,NSF|abstract|noise,Biomedical Sciences
1468109,CAREER: Manipulating Microcomponents for Self-Assembly-Based Manufacturing and Chromatography,,National Science Foundation,NSF|title_only|assigned,Materials Science & Structural/Civil Engineering
1469229,CAREER:   Regulation of mitochondrial integrity and mitophagy between distinct mitochondrial subpopulations,"This project evaluates fundamental but largely unexplored mechanisms as to how cells maintain the integrity of one of their most critical internal compartments, their energy factories termed mitochondria. To maintain proper mitochondrial function, it is thought that damaged or dysfunctional mitochondria are routinely removed and replaced with new ones, but how cells coordinate this process is poorly understood. The project is designed to determine how different mitochondrial subpopulations within cells, distinguished from one another based on differences in size, energy-producing activity, and other endpoints, are either amplified or removed in response to specific cues that work in concert to coordinate cellular function. This research incorporates many important teaching and training goals by engaging students across academic levels (including high school, undergraduate, and graduate students) and backgrounds through their participation in research activities involving the application of next-generation scientific tools to drive new discoveries. The project specifically encourages, and implements a recruiting strategy for, the active participation of under-represented high school and undergraduate students interested in pursuing careers in STEM (Science Technology Engineering Mathematics). 

How subpopulations of mitochondria are differentially governed to maintain homeostatic balance between mitochondrial integrity and dysfunction are not known. Although mitochondria are heterogeneous with respect to function, DNA content, and morphology, little is understood regarding how mitochondrial properties are regulated on a per organelle basis, and why some mitochondria have a function distinct from others in the same cell. A major unresolved question in cell biology revolves around how 'mitochondrial heterogeneity' arises, and how variability between mitochondrial subpopulations can impact cellular functions. This project will test the hypothesis that distinct populations of mitochondria are preferentially allocated and set aside by the cell, but can be triggered to activate under certain physiological conditions, while dysfunctional mitochondria are preferentially eliminated via mitophagy (selective degradation of mitochondria by the cell). This fundamental knowledge and insight into how mitochondrial subpopulations can be differentially governed extends the current understanding of intracellular organization and is broadly applicable across eukaryotes. It is anticipated that this research will drive novel discoveries in normal cells, and will lead to new mitochondrial-based therapeutic platforms and molecular interventions in pathophysiologic states.",National Science Foundation,NSF|abstract|noise,Biomedical Sciences
1469417,CAREER: Automated Analysis and Design of Optimization Algorithms,,National Science Foundation,NSF|title_only|noise,"Computing, Networking & Robotic Systems"
1469920,CAREER: A Virtual Laboratory for Studying Long-Term Human-Computer Relationships,"As computers interact with people in increasingly complex and human ways through robots, wearable devices, PDAs, and various other ubiquitous interfaces, the psychological aspects of our relationships with them take on an increasingly important role.  It is important to not only understand the nature of this phenomenon and its effects in work and leisure contexts, but also to develop strategies for building and managing these relationships, which directly impact productivity, enjoyment, engagement and other important outcomes of human-computer interaction.  In this research, the PI intends to explore such issues via relational agents, computational artifacts designed to build long-term, social-emotional relationships with their users by managing expectations, attitudes and intentions.  While such agents can take on a number of embodiments (e.g., as jewelry, clothing, handheld, robotic, and various non-humanoid physical or nonphysical forms), the current project will focus on the development of purely software humanoid animated agents.  Building on his prior work, the PI will develop a ""virtual laboratory"" consisting of a networked software architecture and experimental methodology to support very long-term human-computer interaction studies, in which new experiments and agent capabilities can be dynamically integrated into a running system serving a persistent group of human subjects.  The virtual laboratory will then be used as a means to studying how social interface agents can conduct very long-term interactions with users - spanning months or years of daily use - and the impacts these interactions can have on user education, behavior change and overall well-being.  While social interface agents have broad applicability, this project will target one application domain (physical activity promotion) and one user group (urban older adults) in order to focus and ground the research.  Special care will be paid to imparting to the agents the ability to interact naturally with users and to form social-emotional relationships with them over time, in order to promote their effectiveness in both maintaining long-term interaction and achieving positive task outcomes.  In addition to advancing knowledge relating to human-computer interaction, this research will make significant contributions to the fields of computational linguistics, psychology, and communication. In the field of computational linguistics, the work will advance our knowledge of how to build dialog planners that can produce both task-oriented and social dialogue - including both verbal and nonverbal conversational behavior - intended to build and maintain social relationships with users within specifically targeted task domains; it will also address how to model and reason about human-machine dialog that spans multiple interactions.  In psychology and communication, this work will provide a better understanding of the nature and types of social relationships that people can have with computer agents, techniques that agents can use to build and maintain these relationships, and how human-computer relationships can improve certain kinds of task performance.

Broader Impacts:  The outcomes of this effort will include new ways of modeling human relationships and social and relational behavior.  The project will also lead to an understanding of how people and computer agents can optimally live and work together over extended periods of time, which in turn may improve our understanding of human-human relationships by providing new vocabulary, models and paradigms for thinking about relationships.  Finally, this work will target an underserved population (older adults) while focusing on an application domain (healthy lifestyle promotion) that has the potential for significant positive impacts on our overall society.",National Science Foundation,NSF|abstract|noise,"Computing, Networking & Robotic Systems"
1476404,The role of statistical learning in the atypical language development in ASD,"Abstract ! Children with Autism Spectrum Disorder (ASD) show enormous heterogeneity in core language abilities, such as phonology and grammar. Over 50% of verbal children with ASD have borderline or impaired language. Deciphering how children with ASD learn language is important for understanding the heterogeneity of language abilities in this population, as well as for the development of more effective interventions for children with ASD who also have language difficulties. Based on decades of behavioral research in typical language acquisition, statistical learning is essential for encoding rich regularities and variability for first language development. Whereas statistical learning has been linked to typical language development and Developmental Language Disorder (DLD), existing studies investigating statistical learning in ASD lack consensus regarding whether statistical learning is impaired in ASD. Both the enormous heterogeneity of ASD population and the recently reported variation in one?s ability to learn statistics across linguistic and non-linguistic domains, as well as across sensory modalities, might have contributed to such inconclusive results. The overall goal of this research is to understand whether the language heterogeneity in ASD can be attributed to variations of statistical learning in a specific domain (linguistic vs. nonlinguistic) or modality (auditory vs. visual). Aim 1 proposes to first characterize the relationship between children?s language abilities and statistical-learning profiles across domains and modalities in a large sample of children with ASD (6 to 8 years old) and typically developing (TD) controls. Both groups will be evaluated using a novel web-based testing platform. Aim 2 will focus on probing the neural mechanisms during statistical learning in each domain and modality in ASD, and how relative strengths and weaknesses in the groupings are related to language performance. Comparing the neural responses during statistical learning tasks among children with ASD in relation to high vs. low statistical learning abilities grouped by domain and modality, the study will test whether language performance in ASD is related to domain-specific, modality-specific, or domain/modality-general neural substrates of statistical learning. The proposed study will pave the way towards a deeper understanding of the mechanisms involved in language impairment in ASD. The results will provide crucial preliminary data for future investigations aiming to elucidate the causal relationship between statistical learning ability and language learning in a longitudinal intervention study and how statistical learning profile is related to different genetic risks in children with ASD.",National Institutes of Health,NIH|abstract|assigned,Public & Behavioral Health
1477615,Age-Related Changes in Language Processing,"Abstract
Normal aging involves changes to sensory and cognitive systems that affect many aspects of life, including
spoken communication. Speech comprehension involves rapidly mapping a complex acoustic signal to our
knowledge of words and extracting higher-order meaning from sentence or story structure. When the sound
signal is degraded—for example, due to background noise, or a listener’s poor hearing—this task is made
more difficult. There is good evidence that in such cases of acoustic challenge listeners must engage
additional cognitive resources supported by domain-general executive networks. Older adult listeners
frequently have greater difficulty understanding and remembering speech in noise compared to young adults.
Although some of this difficulty is due to age-related hearing loss, hearing ability alone cannot account for all of
the comprehension changes that occur with age. One appealing explanation for older adults’ increased speech
comprehension difficulty is a more limited set of cognitive resources, making them unable to meet the cognitive
demands of challenging listening situations. However, it is important to consider that a listener’s motivation to
understand plays a critical role in communication. In the current grant we experimentally test the role of reward
on language processing by varying the amount listeners are rewarded for correct responses during speech
comprehension tasks. Reward is linked to dopamine-mediated pathways important for guiding learning and
behavior. We hypothesize that increased reward (associated with greater motivation) will increase a listener’s
use of executive processing resources, and result in greater speech intelligibility. Because normal aging is
associated with changes in dopamine responsiveness, we expect that age differences in reward sensitivity
may explain a portion of the age difference in speech comprehension. We will also conduct hierarchical
statistical modeling to estimate the relative contributions of hearing ability, cognitive ability, and genetic
correlates of dopamine function to listeners’ success understanding speech in noise. The results will improve
our understanding of factors that contribute to successful aging, and help identify mechanisms for intervention
to improve performance when necessary.",National Institutes of Health,NIH|abstract|assigned,Public & Behavioral Health
1480127,R18 Closed Loop Diagnostics : AHRQ R18 Patient Safety Learning Laboratories,"Abstract
Diagnostic errors in primary care often are due to failures to follow up (“close the loop”) on diagnostic tests,
referrals, and symptoms. More specifically, (1) diagnostic tests and referrals often are not completed, (2)
results of diagnostic tests and referrals often are not conveyed to patients and their primary care physicians,
and (3) primary care physicians frequently are not informed when symptoms evolve that could alter a
diagnosis. To address these gaps, our multidisciplinary team of clinicians, systems engineers, and patients will
use an engineering life cycle to design systems to decrease the number of associated diagnostic errors by
preventing each of these types of failures in a large primary care practice. Our proposed research employs
innovative evidenced-based system engineering (SE) methods to develop highly reliable and robust processes
in other industries, but not yet widely adopted in healthcare. Our specific aims are as follows:
(Aim 1) Design, develop, and refine highly reliable “closed loop” systems for diagnostic tests and referrals that
ensure these occur within clinically- and patient-important timeframes;
(Aim 2) Design, develop, and refine a highly reliable “closed loop” symptom monitoring system to ensure
clinicians receive information about evolving symptoms of concern; and
(Aim 3) Ensure broader generalizability of results of Aims 1 and 2 by ensuring these new processes are
effective in a community health center in an underserved community, a large telemedicine system, and a
representative range of simulated other health system settings and populations.
Our research hypothesis is that a methodical systems approach to closing loops on diagnostic processes will
measurably improve timely completion of ordered tests, referrals, and symptom reports, leading to reductions
in diagnostic errors. Key innovations of our project are the use of high reliability and human factors methods,
inclusion of patients and clinicians from other practices throughout the engineering process, and combined use
of statistical, qualitative, and computer modeling methods to estimate improvements both in our primary site
and more broadly. Projected results include increased completion of high-risk diagnostic tests, referrals, and
concerning symptoms, in turn resulting in reduced diagnostic errors, negative health outcomes, and associated
costs. Learning outcomes include improved understanding of closed loop diagnostic and monitoring problems
in primary care, patient engagement in solutions to such problems, and the utility of systems engineering to
important healthcare problems. Our project responds to 4 of the 8 Institute of Medicine recommendations from
their Improving Diagnosis in Healthcare report, the President's Council of Advisors on Science and Technology
recommendation that systems engineering be applied to primary care problems, and the PSLL solicitation
emphases on value-based care, safety, patient engagement, and provider burden.",Dept. Health and Human Services,Other|abstract|assigned,"Computing, Networking & Robotic Systems"
1483282,XMM-Newton Observations of Two SuperEddington Accreting Tidal Disruption Events,,National Aeronautics and Space Administration,Other|title_only|assigned,Mathematics & Fundamental Physics
1484932,Conformational Regulation and Therapeutic Targeting of Oncogenic KRAS,"KRAS is one of the most deadly, yet undrugged, cancer proteins and is present in over 30% of all human tumors, with even higher frequencies found in pancreatic, lung, thyroid, colon, and liver cancers. Thus, achieving new mechanistic insights into KRAS deregulation and advancing innovative approaches to neutralize oncogenic KRAS remain among the highest priorities of the cancer field and represent the focus of this interdisciplinary proposal. KRAS is a GTPase that serves as a critical control point for a host of cellular functions ranging from cell survival and proliferation to endocytosis and motility. The functional activity of KRAS is dictated by nucleotide exchange, with the GTP-bound and GDP-bound forms representing the on and off states, respectively. Cancer cells hijack and enforce the activated state of KRAS through gain-of-function mutagenesis or gene amplification. To date, small molecule approaches to directly block the GTP-binding site have been unsuccessful due to subnanomolar engagement of GTP and GDP by KRAS. The structure of KRAS in complex with SOS1, a guanine nucleotide exchange factor that enhances KRAS activity by facilitating GDP release, revealed a helix-in-groove interaction potentially targetable by ?-helical mimicry. We applied all-hydrocarbon peptide stapling to generate stabilized alpha-helices of SOS1 (SAH-SOS1) and identified a prototype compound that engaged oncogenic KRAS, including the broad diversity of clinical mutants, inhibited the ERK-MAP kinase phosphosignaling cascade downstream of KRAS, and impaired the viability of KRAS-driven cancer cells. We found that not only did the prototype SAH-SOS1 construct dissociate the catalytic SOS1/KRAS interaction as anticipated, but also directly and independently blocked nucleotide association with KRAS by an unknown mechanism. Here, we aim to apply chemical, structural, cellular, and in vivo approaches to interrogate just how a SAH-SOS1 peptide can directly block the enzymatic activity of KRAS, compare and contrast this mechanism to the natural agonist activity of the SOS1 protein, and thereby inform both our structure-function understanding of SOS1/KRAS regulation and a new strategy for therapeutic inhibition of KRAS in human cancer. To achieve these goals, we propose three experimental aims: (1) Synthesize an expansive library of structurally-reinforced helices modeled after the KRAS-interaction domain of SOS1 to identify the binding determinants and functional interactions with KRAS and its oncogenic mutants. (2) Apply hydrogen-deuterium exchange mass spectrometry to elucidate the conformational effects of the SOS1 protein and SAH-SOS1 peptides on KRAS proteins and thereby define the mechanisms of enzymatic regulation. (3) Advance optimized SAH-SOS1 inhibitors to cellular and in vivo testing in KRAS-driven cancers to validate mechanism of action and therapeutic window, and provide proof-of-concept for clinical translation. By combining the biochemical and mass spectrometry expertise of the Engen laboratory with the cancer chemical biology and translational approaches of the Walensky laboratory, our goal is to provide new mechanistic insight into the oncogenic KRAS pathway and inform a new modality to disarm it for therapeutic benefit in cancer.",National Institutes of Health,NIH|abstract|noise,Biomedical Sciences
1492122,"Project 4 - Portable, self-cleaning advanced electro-oxidation systems for distributed and point-of-use water treatment","PROJECT SUMMARY
Study Objectives: The goal of this project is to develop and test a portable, low-maintenance, and self-
cleaning water purification technology for both point-of-use and point-of-entry water treatment. A novel electro-
Fenton (EF)-like Electrochemical Advanced Oxidation Process (EAOP) will be coupled with sorption using
practical, cost-effective, environmentally friendly carbon-based porous cathodes. Two approaches will be
implemented: 1) removal of organic mixtures from the water via adsorption by carbon-based electrodes, then
regeneration of the adsorbent via application of the EAOP on the carbon-based porous cathode surfaces to
locally generate reactive oxygen species (ROS); and 2) simultaneous application of adsorption and EAOP. The
motivation for this work is the need to provide clean water to communities near Superfund sites in Puerto Rico
that lack access to clean water after the devastation of Hurricane Maria in 2017, as well as the need for a
water treatment technology that can be used in rural areas.
Study Approach: Laboratory studies will be conducted using water collected from the study area in Puerto
Rico. Target chemicals will include chlorinated solvents, phthalates, pesticides, and polycyclic aromatic
hydrocarbons (PAHs). Mechanistic studies will investigate continuous generation of ROS without addition of
traditional catalysts (Pd, Fe) that are expensive, waste-producing, or potentially toxic. Instead, we will use three
types of benign carbon-based cathodes: Granular Activated Carbon (GAC), Activated Carbon Fiber (ACF) and
Granular Biochar (GB). Enhancement techniques that include polarity reversal and floating cathodes will be
tested, and conditions that maximize continuous generation of ROS will be identified. Sorption characteristics
of the three carbon-based cathodes will be measured, and EAOP’s ability to regenerate the sorption capacity
of the cathodes and simultaneously oxidize aqueous contaminants will be tested. To improve understanding of
transformation pathways and mechanisms, we will measure changes in concentration of target organics and
analyze newly formed by-products. For these laboratory tests, water collected from Puerto Rico will be mixed
with model contaminants and used for testing. The variations in toxicity levels and mechanistic profiles during
the course of the electrochemically induced degradation will disclose potential causal agents and their links to
the degradation pathways. Scaling of operational parameters and performance, geochemical and hydraulic
parameters during operation, toxicity evolution, and potential adverse effects will be investigated. We will also
assess the risk reduction efficacy of the process using a novel toxicogenomics-based toxicity assessment.
Expected Results: Based on this technology, a portable water, self-cleaning treatment system will be
designed and tested on water samples from Puerto Rico. The system will be engineered for inclusion into both
point-of-use and point-of-entry water treatment systems and can also be implemented in rural areas in the US
mainland that are not connected to public water systems.",National Institutes of Health - SubAward,NIH|abstract|noise,Environmental Science & Ecology
1498542,Towards Optimal Configurations of NAQFC Chemistry and Aerosol Representations,,National Oceanic and Atmospheric Administration,Other|title_only|noise,unassigned
1513534,Accelerating the development of novel methods to measure 24-hr physical behavior,"Project Summary/Abstract
Accurate measurement of human behavior using devices could significantly advance current knowledge on the
dose-response relationships between chronic diseases and behaviors such as physical activity, sedentary
behavior, and sleep. The primary objective of this proposal is to develop valid approaches to measure 24-hour
physical behavior, as well as to demonstrate a procedure via which those approaches can be compared to
others. We aim to help the research community to converge on methods that use devices to accurately
measure physical activity type and intensity, sedentary behavior and posture, and sleep in adults. Many
promising methods have been proposed to measure behavior from activity monitors. Unfortunately, these
methods – which are now being proposed in large numbers – are typically validated on small amounts of data.
Thus, they may perform well on lab data, but fail when used in the field on large-scale epidemiological or
intervention studies. Moreover, the performance of different methods is rarely compared head-to-head,
creating uncertainty for public health researchers about which are the best to use. Quantifying the relative
performance of methods that produce similar outcome measures but use different devices or on-body device
locations is even more unusual. We will make it easy for researchers interested in physical activity
measurement to meaningfully compare performance between new methods and confidently apply those
methods to both large-scale surveillance studies and longitudinal interventions. The project has four specific
aims: (1) Collect well-annotated data of physical activity, sedentary behavior, and sleep, (2) Use the data from
Aim 1 to develop and validate approaches that yield 24-hour estimates of free-living physical activity (type,
intensity), sedentary behavior (type, posture), and sleep (wake/sleep, stages), (3) Develop and incrementally
refine a suite of tools that researchers can use to easily deploy advanced approaches to measure physical
activity, sedentary behavior, and sleep, even for large data, and (4) Use the data and new approaches (Aims 1
and 3) to host four competitions evaluating models, where all entries submitted by other researchers, will be
directly compared, ranked, and improved. The goal is to help researchers converge on “gold standard” methods
to robustly measure physical activity using common monitor configurations, as well as those devices and
configurations likely to be used soon.",National Institutes of Health,NIH|abstract|assigned,Public & Behavioral Health
1532850,III: Medium: Table-as-Query: Unifying Data Discovery and Alignment,"Fueled by advances in information extraction and societal trends that value institutional openness and transparency, structured data are being produced and shared at an overwhelming speed.  Open data sharing is central to supporting institutional transparency, but transparency is not achieved if shared data cannot be found and effectively aligned with other data being studied by data scientists, journalists, and others.  This project will fundamentally contribute to the new science of open data sharing.  The requirements for data discovery and integration over heterogeneous table repositories containing structured data are fundamentally different than they are for federated data integration (where for example, all data within an enterprise is integrated) or data exchange (where data is exchanged among a small set of autonomous peers, for example, between two institutions).  This project will lay the theoretical foundations of data discovery (identification, alignment, and integration of tables) within table repositories.  It will contribute both to developing the right conceptual framework for studying this problem and to designing systems that solve the table discovery and alignment problems at scale.

Today, solutions for data discovery over massive table repositories are in their infancy.  Some solutions are highly tied to a specific domain.  For example, solutions for finding relevant tables in mass collaboration data (often called web tables) may assume tables are designed for human consumption with rich, human-readable attribute names or metadata, and are relatively small (being designed for display on web pages).  Furthermore, solutions often assume that the data scientists know a lot about what data is available and exactly how they want to integrate it with known data.  These solutions let a user find tables that join with a specified attribute or union with a query table.  But they are inadequate if the best way to extend a query table is to actually join it on several attributes with two other tables and then union the extended result with an existing wider table.  This project will develop a more holistic approach to table discovery that both discovers a set of alignable tables as well as the best way to integrate (or align) the new data with a query table.  In this new paradigm called \""table-as-query\"", the user does not need to know a priori on which attributes various tables in a repository are best aligned.  This project promotes a research agenda under which discovery finds not a single table, but a set of tables that can be combined (aligned) with the query table.  The solutions will include integration choices within the table discovery process, looking for a set of tables that can best be aligned with a query table and also finding what the best alignment is.  Importantly, the project will not rely on the unique name assumption, which states that different values refer to different and unique entities.  Real data contains synonyms (two values that refer to the same entity) and homographs (one value that refers to more than one entity).  This project will define new foundations and mathematical principles for studying table alignment and discovery.  The search space is massive, so the project will also develop approximate, scalable solutions that can quickly (at interactive speeds) find a good set of tables and good alignments over massive table repositories with millions of tables.

This award reflects NSF's statutory mission and has been deemed worthy of support through evaluation using the Foundation's intellectual merit and broader impacts review criteria.",National Science Foundation,NSF|abstract|assigned,"Social Science, Public Policy & Education Research"
1533216,Expanding the Biomaterials Space of DNA through Polymerization,"NON-TECHNICAL SUMMARY

DNA, a basic building block of life, is a form of natural biopolymer. Yet, DNA research and polymer science are separate scientific disciplines with very limited crossover. The lack of deeper integration of the two fields stems in part from the incompatibility of DNA with the conditions and reagents by which synthetic polymers are made. If this barrier is overcome, DNA can be freely used to craft many DNA-polymer composite materials, which can potentially lead to better disease diagnostics, therapeutics, and biotechnology tools than currently possible today. In the proposed project, the PI's team will develop a form of protected DNA compatible with polymer chemistry, which can be restored to its natural form once the polymer has been made. Using the protected DNA, several DNA-based polymers previously deemed difficult or impossible will be synthesized to validate the methodology. Finally, a DNA-peptide copolymer, to be enabled by the protected DNA for the first time, will be prepared and tested as a vaccine in human cells. The biomaterials developed here represents only the tip of an iceberg. the successful marriage between DNA and the vast knowledge base of polymer science should result in limitless possibilities. These research activities will intertwine with educational programs to provide a diverse range of laboratory training to graduate/undergraduate students (including undergraduates from institutions lacking research capabilities) and to promote learning, awareness, and interest in science-related careers among high school students and STEM teachers.


TECHNICAL SUMMARY

DNA-based biomaterials are primarily achieved through solid-phase reactions or aqueous couplings using pre-synthesized oligonucleotides. Both methods pose limitations for certain types of constructs, such as highly branched architectures and amphiphilic structures. The goal of this proposal is to greatly expand the types of biomaterials accessible using oligonucleotide building blocks by removing the barriers between nucleic acid chemistry and polymerization. Towards this goal, the PI will design chemically masked DNA structures that can participate in polymerization reactions (e.g. free radical, coordination, etc) in the organic phase. The masked DNA can be restored to native phosphodiester DNA under mild conditions following polymerization. Thus, many difficult and/or unprecedented DNA-containing polymers with controlled architecture, composition, sequence, and end-group functionality are possible with this approach. Among the various DNA-based materials to be prepared, a peptide-DNA brush copolymer will be investigated in a biological setting as a self-delivering/adjuvanting peptide vaccine. By facilitating the marriage of nucleic acids with the vast range of polymerization reactions, a diversity of new structures with technologically useful properties will become possible. From the educational perspective, the cross-disciplinary nature of the project (design, synthesis, and materials/biological characterizations) is a great teaching tool for the students at all levels to be involved in the project. The PI will continue to create research opportunities for undergraduate students and high school students/teachers through active recruiting, internship programs, course development, and online presence.

This award reflects NSF's statutory mission and has been deemed worthy of support through evaluation using the Foundation's intellectual merit and broader impacts review criteria.",National Science Foundation,NSF|abstract|noise,Biomedical Sciences
1535623,CHS: Small: Collaborative Research: Articulate+ - A Conversational Interface for Democr atizing Visual Analysis,"The Internet gives the public, including scientists, access to vast amounts of data. Visualization is a powerful tool to take that data and turn it into a form that is easier to understand, helping people make better decisions. However, creating good visualizations from data is not easy. The Articulate+ Project will work to generate new knowledge about how to empower people with information visualization, by using speech and gesture as inputs, in new ways. A goal is to enable users to benefit from imprecise statements about what they want, rather than needing to give specific commands telling the computer what to do. This project will make it easier for citizens to engage in conversations with the computer about economic, medical data, demographic, transportation data, climate, and sports data. to answers that are more meaningful, and so to democratize data literacy. 

This research will use speech, gesture, and log data as new input interaction modalities for visual analytics. It will develop new understandings of how the imprecise and vague nature of natural language queries and gestures, as contextualized by work on a specific visual analysis problem, can be modeled as an opportunity for an intelligent software system to learn more about the underlying intent of the users. This model of intent, in turn, will be used to provide contextualized visualizations, which are expected to help those users gain valuable insights from their data. The audio speech data will be used to computationally model overhearing, to help infer users' current contextualized goals. The gesture data will be used to disambiguate expressions that refer to visual elements of a visualization (e.g., \""that pie chart about electricity consumption\""). The project will develop new understandings of how to combine the log of visualization state, the computational model of overhearing, and the gesture data in order to generate new visualizations in support of users' work on tasks. Evaluations will be performed in both controlled laboratory and naturalistic study settings to determine whether effective semantic parsers can be derived for these specific visual analysis domains, and how this contextual interface affects users' experience of visualization and discovery.  The integrated annotated datasets from the studies will be made available to the research community satisfying a need for ecologically valid situated language interaction corpora.

This award reflects NSF's statutory mission and has been deemed worthy of support through evaluation using the Foundation's intellectual merit and broader impacts review criteria.",National Science Foundation,NSF|abstract|noise,"Computing, Networking & Robotic Systems"
1536837,RAPID: Accelerating the Future of Work? Understanding Future Shifts in Technology Adoption in the Seafood Industry in Response to the COVID19 Pandemic,"This Rapid Response Research (RAPID) grant will collect ephemeral data to investigate the accelerated adoption of new technologies in the seafood industry in response to both worker and food safety concerns arising from the COVID-19 pandemic. As supply chains continue to face disruption due to the COVID-19 pandemic, the ability of the U.S. to provide safe, fast, and domestically sourced food-including seafood-has become of paramount importance. Seafood processing still relies primarily on humans working in close proximity to one another in plants that are known for dirty, cold, and dangerous conditions. The ephemeral data collected by the research team during this period of unprecedented economic disruption will be provide new knowledge regarding the future of work in seafood processing plants, including the demand for, and feasibility of, adopting human-collaborative autonomous systems to process and package food more safely and efficiently at all stages of production. The result of this new knowledge will be used to inform both seafood processing as well as other systems in agriculture and healthcare that are potentially undergoing rapid technological change in response to the pandemic. The ephemeral data collected through this research can also inform a new set of design requirements for next generation systems at the FW-HTF. The research activities undertaken to collect the data will also help train a new generation of engineers and social scientists to address interdisciplinary challenges at the convergence of robotics, human-robot collaboration, and labor economics through the participation of graduate student researchers who will learn to incorporate elements of different domains into their thinking. Multi-generational teams that include students from Northeastern University's nationally recognized cooperative education program will enhance the pipeline for STEM education through innovative hands-on research experience specifically geared towards undergraduates. The U.S. imported $22 billion of seafood in 2018-more than at any point in history due to an inability to meet domestic consumer demand. This project will advance US leadership in a globally competitive and domestically underserved industry, while simultaneously advancing understanding of key scientific, engineering, and societal challenges associated with the rapid acceleration of technology adoption.

Motivated by the urgency to collect data that can inform how firms are responding to the COVID-19 pandemic, this project will adopt a disrupted socio-technical systems (STS) framework to study how firms are re-evaluating the human and technology components of their systems, their relationships, and the values and design principles that are used to shape and reshape those system. The contributions of this research stem from the following interconnected goals: (1) Collect ephemeral data on how the COVID-19 pandemic has changed the human interaction dynamics in the seafood processing industry, (2) Develop new knowledge to advance our understanding of the degree to which STS will change as technology adoption is accelerated in response to the COVID-19 pandemic in both the seafood industry and other similarly situated systems, including agriculture and healthcare. (3) Assess the feasibility of alternative uses of integrated robot co-workers to address both the current pandemic in the near-term as well as the future-of-work in the longer-term. This ephemeral data will capture the reassessment of this overall system through a survey of roughly 100 firms in the seafood industry along with 5-7 follow-up interviews and three case studies. Specifically, this project will measure how firms valued the human and technology elements of the system before the pandemic, and how their views have changed with the associated economic disruption. This new data will help develop technologies to facilitate social distancing in seafood processing plants over the next 18-24 months while also ensuring that these solutions are aligned with designs to advance the future of work in the seafood industry beyond the current pandemic. Collection of this data before firms adopt any new technology will enable the study of processes by which firms revise their STS frameworks in response to such disruptions. Doing so will allow the new knowledge created by this research to inform extrapolations to systems in other industries that will also be reshaped by accelerated adoption of new technologies in response to the COVID-19 pandemic.

This award reflects NSF's statutory mission and has been deemed worthy of support through evaluation using the Foundation's intellectual merit and broader impacts review criteria.",National Science Foundation,NSF|abstract|noise,"Social Science, Public Policy & Education Research"
1540349,Moduli Spaces and Geometric Microlocal Analysis,"Metrics with singularities are important objects in differential geometry and arise naturally in algebraic geometry, mathematical physics, number theory, representation theory etc. The PI in particular studies constant curvature metrics with singularities, which naturally appear for instance in the degeneration of smooth metrics and geometric flows. These objects also have interesting applications in physics as they can be viewed as solitons in gauge theory, and are related to Higgs bundles and magnetic vortices. Such metrics solve partial differential equations, called curvature equations, where singularities can be viewed as boundary data. Recently there have been many developments in the interplay of analysis and geometry in this field, featuring new and surprising phenomena such as stratification and bubbling. The goal of the project is to develop new techniques that will help discover new features of such objects, and give insight into problems related to singular metrics, including singular uniformization, moduli spaces, and solutions of partial differential equations on manifolds with singular geometry. 


This project involves studying singular metrics using geometric microlocal analysis. The central idea is to introduce new objects, called compactifications or resolutions, to resolve the singularities. These resolutions will in turn suggest which analytic techniques need to be developed. The PI intends to use this method to study problems such as the moduli space construction of constant curvature conical metrics and its relation to vortices, hyperbolic metrics with cusps and asymptotic geometry of the compactified Riemann moduli space, and gauge-theoretic partial differential equations with singular metric background.

This award reflects NSF's statutory mission and has been deemed worthy of support through evaluation using the Foundation's intellectual merit and broader impacts review criteria.",National Science Foundation,NSF|abstract|assigned,Mathematics & Fundamental Physics
1543045,STTR Phase I:  Design and development of novel oral drug formulations by leveraging the food effect,"The broader impact/commercial potential of this Small Business Technology Transfer (STTR) Phase I project is the development of novel food-based oral dosage forms of pharmaceutics potentially superior to traditional tablets as they can be administered at lower doses without compromising therapeutic benefits. Currently tablet form preparations require administration at high doses to achieve desired therapeutic effects, motivating improved oral delivery systems.  The proposed dosage forms may have the ability to mitigate food restrictions in drug labels and particularly helping oral drugs with significant gastrointestinal toxicities. Patients could benefit from the flexibility of taking medications irrespective of food to ease complex drug regimens and ultimately improve compliance. The near-term commercial focus will be to advance development toward a general platform with two proposed test drugs.  

This Small Business Technology Transfer (STTR) Phase I project seeks to develop more bioavailable dosage forms by exploiting the effect of food in enhancing drug absorption. As more than 40% of marketed drugs and about 90% of drugs in development pipelines suffer from poor solubility and associated low bioavailability, the proposed technology will serve as a platform for drugs showing enhanced absorption when taken with food. This project will effectively enable the use of food ingredients (e.g., lipids, proteins) to develop more bioavailable dosage forms of marketed oral drugs. Activities include use of computational modeling tools to quantitatively estimate the effect of specific dietary food ingredients in increasing the efficiency of drug absorption. Ultimately this process will inform rational, efficient design of novel food-based formulations a priori rather than by a trial-and-error process.

This award reflects NSF's statutory mission and has been deemed worthy of support through evaluation using the Foundation's intellectual merit and broader impacts review criteria.",National Science Foundation,NSF|abstract|noise,Public & Behavioral Health
1543196,Collaborative Research: Control of Information Processing and Learning in Neuronal Networks through Light-mediated Programming of Genomic Networks,"Communication and networking play a key role in the development and functioning of living organisms. The physical DNA interactions within the genome, or network of genes, determine gene activities and thereby the development and function of cells, similarly as the software determines the operation of the hardware in a computer. Therefore, being able to program genomic interactions and thereby the development of communicating neuronal networks is at the basis of transformative applications. In this direction, optogenomics, or the control of the genome function through light, is proposed. Optogenomics offers an unprecedented means to control organ and specifically brain development and functions, or even new corrective treatments of cancer and other diseases. Such control will be enabled through development of novel directional light emitting nano-devices. The goal of this inter-disciplinary project is to study information processing and learning (and, thus, ultimately memory) in neuronal networks orchestrated by the light manipulation of the genome. For this, new photonic and electronic tools will be developed to program the genome in neurons and to study both the resulting changes in the structure and activity in networks of living neurons. This project will provide inter-disciplinary training opportunities for graduate and undergraduate students, who will become versed in both nanophotonics and nanoelectronics as well as neuronal cell studies.

Beyond optogenetic platforms, which are aimed at the use of light to control cell-cell interactions, optogenomic systems allow the control of DNA interactions in the genome and, thus, the programming of the cell development and function. In this project, new optogenomic tools will be developed to control the development and information processing and learning in neuronal networks. In the proposed system, neural stem cells will be transfected with optimized optogenomic constructs that combine light-activated algae proteins and mammalian genome regulators. As the input to the system, the constructs will be activated globally across the cell culture through LED-based homogeneous illumination. The light-induced changes in the genome 3D structure and function will be analyzed using Chromatin Conformation Capture HiC/HiChIP, Atomic Force Microscopy, and RNAseq with the NextGene global genome sequencing. The output of the system will be the opto-electrophysiological analysis of signal processing in optogenomically constructed neuronal networks, with innovative transparent flexile beamforming nanophotonic devices combined with flexible high-density microelectrode arrays, using metrics like Spike-Timing-Dependent Plasticity, Hebbian learning and network science. An integrated Genome-Neuronal Function Model will be developed for the first time by correlating genomic topological networks to the functional gene networks and ultimately to the properties of the resultant neuronal network as they form in 3D model of the human brain - cerebral organoids.

This award reflects NSF's statutory mission and has been deemed worthy of support through evaluation using the Foundation's intellectual merit and broader impacts review criteria.",National Science Foundation,NSF|abstract|noise,Biomedical Sciences
1543474,Collaborative Research: FMitF: Track I: Game Theoretic Updates for Network and Cloud Functions,"Updates are common in cloud-computing networks, and they occur for many reasons. Some network updates are planned while others are unplanned and automated. Since network updates can take seconds or minutes to complete, and cloud-computing networks must be \""always on\"", updates must be efficient and transparent. Researchers have proposed various abstractions for network updating that leverage advances in formal methods to synthesize update plans and protocols, ensuring that the system remains well-behaved during an ongoing update. However, despite several high-profile cases of network updates gone wrong, operators continue to use relatively naive approaches. We investigate key shortcomings of prior work on update abstractions that limit their utility and widespread use in practice, and develop a new abstraction that addresses the heterogeneity, scale, and dynamic nature of real-world updates. The project's novelties are (1) a new game-theoretic foundation for network updates, (2) algorithms for synthesizing update controllers that are robust to failures and changing conditions during the update, (3) algorithms for explaining update failures, (4) a language design that allows synthesized controllers to be safely modified, and (5) implementations and evaluations of these mechanisms for virtual network functions and serverless-computing platforms. The project provides network operators with tools that make updates to networked systems easier, safer, and more reliable, and develops a framework that makes datacenter computing more reliable and secure.

Some specific key shortcomings of previous work on network updates are the following. (1) They assume that the network behaves predictably during the update. However, at scale, network demands and concurrent updates can cause unpredictable or even adversarial behavior in response to the update. (2) They have limited explanatory power when an update plan cannot be found or cannot be completed. (3) They make it hard for operators to choose between alternative update plans. This project consists of a comprehensive research plan to address these shortcomings. The key technical innovation is a formulation of updates as the search for a winning strategy in a two-player game, between the operator (or control plane) and the network. This formulation allows a uniform modeling of key elements, including hardware and software failures, variations in demand, and the addition and removal of network elements. To produce updates that are robust to changing conditions and failures, this work uses program-synthesis techniques to automatically generate an update controller that corresponds to a winning strategy in the game. To help operators when fatal errors occur, the project develops algorithms that exploit this game-theoretic formulation to explain the root cause of update failures and present alternatives. Finally, to give operators more control over updates, the investigators develop approaches for synthesizing update controllers that are interpretable and modifiable. The game-theoretic formulation is applicable to several kinds of networked systems, and the project will instantiate and evaluate our tools for platforms that implement virtual network functions and serverless functions.

This award reflects NSF's statutory mission and has been deemed worthy of support through evaluation using the Foundation's intellectual merit and broader impacts review criteria.",National Science Foundation,NSF|abstract|noise,"Computing, Networking & Robotic Systems"
1545318,Comprehensive investigation of advanced inductor materials on addressing opportunities to benefit the Navys HPPG systems,,Office of Naval Research,ONR|title_only|assigned,Materials Science & Structural/Civil Engineering
1548315,WNOS-G2: A Learning-based Wireless Network Operating System With Autonomous Distributed Network Control,,Office of Naval Research,ONR|title_only|assigned,"Computing, Networking & Robotic Systems"
1573433,"Collaborative Research: A Low-Cost, ""Digital"" Biosensing Platform with Single Protein Biomarker Sensitivity","Accurate measurements of proteins are critical for modern biomedical research, particularly for early detection and monitoring of disease, systems biology, and new drug development. More specifically, sensitive, specific, fast, and low-cost detection of proteins biomarkers in patient samples is of importance for public health and a key component of future personalized diagnostics and therapy. To date, enzyme-linked immune-sorbent assays in all their variants are the most common sensing techniques employed to detect the presence of protein biomarkers. However, a number of limitations still exist that greatly diminish their broader applications due to the low-sensitivity, the requirement of a calibration plot to elucidate the results, and the need for advanced costly instruments for ultrasensitive measurement. This proposal aims to address the aforementioned drawbacks by developing a simple and low-cost, but potentially powerful sensor based on the integration of a two-level signal amplification sensing mechanism and machine-learning-enabled reliability.  The developed sensing devices are particularly desirable for early disease detection, ideally capable of \""digitally\"" (calibration-free) detecting the presence of biomarkers with excellent portability, adaptability, accuracy, and high throughput. The knowledge and technology gained from this research will be disseminated to the scientific community and industry. This project will impact the education of the graduate, undergraduate and high school students by integrating advanced biosensing knowledge into their educational and laboratory training, and also actively interacting with general public and industry companies.

The proposed sensing device will allow immunoassay to be performed as a low-cost and digital (calibration-free) detection technique with potential single copy sensitivity through integration of three key components: 1) a coupled resonance between a piezoelectric substrate and a replaceable nanoimprinted acoustic wave micropillar resonance film \""sticker\"", 2) a micron-sized mass amplifier realized through uniform silver enhancement of mono-dispersed gold nanoparticles conjugated with detection antibody, and 3) machine learning algorithms to be developed and trained to analyze the biosensing data in a reliable way, thus allowing more accurate detection. The number of the particles can be directly correlated to the number of biomarkers, realizing \""digital\"" sensing. The developed methodology is not restricted to sandwich-type immunoassays, nor is the assay limited to any particular protein biomarker and therefore the develop sensor can be generalized as a universal platform for monitoring any biomolecule of interest such as protein biomarkers, viruses, and pathogens for assuring public health and biosafety. The work will revolutionize the acoustic wave-based biosensing platform if successful.

This award reflects NSF's statutory mission and has been deemed worthy of support through evaluation using the Foundation's intellectual merit and broader impacts review criteria.",National Science Foundation,NSF|abstract|noise,Biomedical Sciences
1580210,A Comprehensive Approach to Monitoring Active Distribution Systems,"This project aims to facilitate efficient and reliable operation of next generation active distribution systems.  This will be accomplished by improved monitoring, control and optimization of their operation. The overall impact will be more reliable, less costly and environmentally cleaner energy delivery to the end users.  Furthermore, implementation and utilization of the projects results will provide job and training opportunities for the next generation of power engineers in the nation.     The intellectual merits of the project include improved reliability of network applications that use the network model, by detecting both measurement and network model errors. using novel compensation and calibration methods that enable unbiased tracking of the systems operating states. and facilitating incorporation of renewable energy sources in overall generation dispatch of large power grids.  The broader impacts of the project include training and education of students from underrepresented and minority groups via REU programs in the summers and as student researchers during regular semesters. and transformation of the monitoring and operation of future distribution systems making them more reliable.andlt.br/andgt.andlt.br/andgt.The goal of the project is to address challenges in monitoring future distribution systems.  Distribution systems have been treated in isolation until recently, however their composition and required analysis tools have drastically changed in the recent years due to the renewable energy sources, non-conventional loads, and energy storage facilities creating bi-directional power flows between distribution and transmission systems. Thus, effective management of these systems requires reliable and efficient monitoring of the state, topology and model parameters.  Thus, the project comprehensively investigates the monitoring challenges for mixed-phase distribution systems containing different types of measurements, non-radial configurations, and errors in both measurements and network model parameters.   Detailed mathematical formulation for  mixed phase distribution system state estimation which exploits modal decomposition, extension of Lagrangian based parameter error detection method for mixed-phase network models, dynamic tracking of line model and decoding them to detect and locate different types of faults and disturbances. remote calibration of three phase synchronized phasor measurements and localizing topology errors by recursive multi-area estimation constitute the technical innovations associated with the project.andlt.br/andgt.andlt.br/andgt.This award reflects NSF's statutory mission and has been deemed worthy of support through evaluation using the Foundation's intellectual merit and broader impacts review criteria.",National Science Foundation,NSF|abstract|assigned,Materials Science & Structural/Civil Engineering
1581666,The many-body problem in the age of quantum machine learning,"NONTECHNICAL SUMMARYandlt.br/andgt.andlt.br/andgt.This award supports theoretical and computational research with an aim to develop and apply new machine learning algorithms and computational tools for investigating novel properties of quantum materials in which the electron-electron interactions are very strong. These materials can serve as building blocks for devices with new functionalities beyond the semiconductor paradigm. Numerical modeling of such systems, on the other hand, is challenging, as it requires dealing with a large configuration space: Datasets are comprised of all possible electronic configurations and cannot be stored in the memory of the largest supercomputer. Hence, the strongly interacting many-electron problem can be interpreted as an extreme data science problem from an information processing perspective. A game-changing idea that tackles this complexity consists of identifying patterns and compressing datasets in a spirit very similar to algorithms to compress images and videos. In the past five years, a novel line of research, now referred to as quantum machine learning, has emerged that uses neural networks and machine-learning algorithms to extract insightful information and represent the complex structure encoded in quantum mechanical states. In this project, the PI will develop new algorithms based on quantum information and machine-learning ideas to study the electronic and magnetic properties of a variety of strongly-interacting model systems and real materials. andlt.br/andgt.andlt.br/andgt.This award also supports several educational and outreach activities.  The PI will (i) work in collaboration with the Center for STEM Education at Northeastern to enrich current program offerings for high school and community college students and teachers through seminars and presentations, and (ii) establish a broad reaching program of class visits to high schools in underserved communities with a large population of minority students to expose them to scientific research.  In conjunction, a year-round mentoring program will be created for students who want to choose a scientific career path. In addition, the PI will continue to organize the International Quantum Matter Seminar series, which is live streamed on Zoom and YouTube. Finally, the PI will continue to maintain and develop an open-source collection of programs and libraries for the simulation of strongly correlated quantum lattice models, that is currently being used by dozens of researchers and students around the globe.andlt.br/andgt.andlt.br/andgt.TECHNICAL SUMMARYandlt.br/andgt.andlt.br/andgt.This award supports theoretical and computational research with an aim to develop and apply new machine learning algorithms and computational tools for investigating novel electronic and magnetic properties of strongly correlated quantum materials. The research consists of two main directions. In the first thrust, the PI and his team will develop several new algorithms to study ground-state, excitation spectra, and thermodynamics of quantum many-body problems using neural networks and Gaussian processes as approximators. In the second thrust, they will study interacting chains and ladders with long-range interactions that realize actual spontaneous symmetry breaking and true long-range order, thus enabling one to study competition between phases that are currently out of reach. andlt.br/andgt.andlt.br/andgt.This award also supports several educational and outreach activities.  The PI will (i) work in collaboration with the Center for STEM Education at Northeastern to enrich current program offerings for high school and community college students and teachers through seminars and presentations, and (ii) establish a broad reaching program of class visits to high schools in underserved communities with a large population of minority students to expose them to scientific research.  In conjunction, a year-round mentoring program will be created for students who want to choose a scientific career path. In addition, the PI will continue to organize the International Quantum Matter Seminar series, which is live streamed on Zoom and YouTube. Finally, the PI will continue to maintain and develop the ALPS open-source collection of programs and libraries for the simulation of strongly correlated quantum lattice models, that is currently being used by dozens of researchers and students around the globe.andlt.br/andgt.andlt.br/andgt.This award reflects NSF's statutory mission and has been deemed worthy of support through evaluation using the Foundation's intellectual merit and broader impacts review criteria.",National Science Foundation,NSF|abstract|assigned,Mathematics & Fundamental Physics
1588489,Building a shared infrastructure for cognitive assessment in the service of cognitive training research,"Effective measurement of cognitive abilities is fundamental to effective diagnostics, risk assessment and
evaluation of interventions targeted towards older adults (OA) and in particular those with Alzheimer's Disease
and related dementias (ADRD). With the ubiquitous availability of smartphone/tablet technology in modern
society a proliferation of mobile cognitive assessments from companies, healthcare providers, and researchers
are being developed. However, a difficulty in evaluating such interventions, and in particular making comparison
between them is the lack of standardization/interoperability of assessment tools. This is especially the case for
early stage/mechanistic studies where it is common for investigators to each use their own labs' toolset to
evaluate intervention outcomes. Here we address particular needs in the field of cognitive training, as well as for
other longitudinal assessments focused on OA, where the limited standardization and accessibility of cognitive
outcome measures makes it difficult to evaluate effectiveness of interventions. This R21/R33 infrastructure
proposal seeks to develop shared tools to facilitate effective translation and sharing of cognitive assessment and
training procedures. We accomplish this by leveraging technologies, existing assessment batteries, and know-
how from 3 groups that have each independently developed robust systems for cognitive assessment and
training that can run on mobile devices (UCR Brain Game Center, UCSF Neuroscape Center, and UCI Working
Memory and Plasticity Lab). We target development of systems that allow for interoperability of assessments,
enrollment/participant tracking systems, data visualization, and participant compliance systems. In the R21
phase, we aim to develop such systems and demonstrate that they can be effectively shared across labs, and
in the R33 phase, these systems will be both tested for robustness in large scale-research projects that will now
be able to share outcome measures, and for developing personalized, precision training approaches for
participants based upon these assessments. Further, these systems will be documented and will be shared with
other scientists groups to reduce the barrier of entry for other groups. The long-term impact of this work will be
an infrastructure that will support better comparison across studies of cognitive training, as well as other
interventions that are increasingly being used to ameliorate cognitive declines in older adults such as those
related to ADRD. The key value of this system compared to others is that it will simultaneously support the
flexibility required for basic research, by facilitating groups to continue to use their own lab's software systems,
while at the same time providing them with a powerful infrastructure for sharing that allows them to incorporate
assessments, server infrastructure and compliance tools into their own studies. This will facilitate comparisons
across studies using common outcome measures as well as the ability to use the same assessments in
numerous other domains including risk-assessment and longitudinal testing in older adults at risk for ADRD.",National Institutes of Health,NIH|abstract|assigned,Public & Behavioral Health
1590149,Risk factors for anterior knee pain and the relation to future patellofemoral osteoarthritis,"PROJECT SUMMARY/ABSTRACT
Osteoarthritis (OA) costs more than $81 billion per year in the United States, a burden similar to cancer. OA
most commonly affects the knee joint and is associated with increased mortality. There are currently no effective
therapies to prevent or treat this serious disease. Patellofemoral (PF) OA, which refers to OA in the PF joint, is
a distinct subgroup of knee OA with substantial morbidity and is present in 39% of individuals with knee pain.
Anterior knee pain (AKP) is one of the most common chronic pain conditions across the lifespan. AKP is
persistent and affects a person’s function and quality of life. AKP and PFOA may represent a continuum of PF
disease. However, longitudinal data is lacking on the relation of AKP to incident PFOA. By identifying risk factors
for AKP, we could not only reduce the burden of this common condition, but potentially alter the natural history
of knee pain and OA. The current proposal aims to understand risk factors for AKP and the relation of AKP to
incident PFOA and functional limitations. Understanding risk factors for AKP in can improve clinicians’ abilities
to address these symptoms and slow their progression. We will leverage data from the NIH-funded Multicenter
Osteoarthritis (MOST) study to answer our proposed research questions. In the recent renewal of MOST, a
cohort without established OA was recruited. This offers us a tremendous opportunity to study AKP and PFOA
development, which is the first key step in identifying targets for rehabilitation strategies. MOST is the only large
cohort in the world that has the necessary longitudinal data on knee pain location, functional limitations, potential
modifiable risk factors that may influence PF joint loading, and PF joint imaging with OA features assessed,
making our proposal feasible by leveraging this rich resource. Our specific aims are as follows: Aim 1: Determine
the extent to which modifiable risk factors (e.g., lower extremity strength, gait mechanics, PF alignment, body
mass index) are associated with prevalent and incident AKP over 2 years; Aim 2: Determine the relation of AKP
to incident PFOA and functional limitations over 2 years. The proposed research is highly significant in that it will
identify modifiable risk factors for AKP development and its downstream effects (e.g., PFOA, tibiofemoral OA,
TKR). It is innovative in that, instead of taking the typical approach of managing disease after it occurs, the
current proposal will allow us to develop strategies to intervene when we have the potential for the greatest
impact on changing the natural history of PF disease, and subsequently minimizing the burden of OA.",National Institutes of Health,NIH|abstract|assigned,Public & Behavioral Health
1608501,Collaborative Research: International Physics of Living Systems Graduate Research Network,"The international Physics of Living Systems (iPoLS) graduate research network (GRN) connects graduate students across the globe who are using methods and concepts of physical systems to unravel the mysteries of living dynamics. This inherently interdisciplinary field has undergone a tremendous growth over the past decade, partly as a result of community efforts such as the iPoLS graduate research network. This network enables the creation of coherent training programs, forums for peer-to-peer learning and information transfer, and provides support for efforts to grow the faculty and student numbers in this field at US universities. The current project will continue building the network in the US, and one of the major goals continues to be fostering communication and cooperation across national boundaries. andlt.br/andgt.andlt.br/andgt.The PIs plan to use network resources to share best practices related both to education and into the building and support of a diverse community. They will present innovative plans for the recruitment of undergraduate interns from underrepresented groups, based on the successful experience of several of the network nodes. The PIs will collectively explore mechanisms for advocating for the unique capabilities of PoLS research and PoLS researchers to the broader biology and biomedicine communities, including the creation of PoLS-based sessions at major society meetings in cell biology, neuroscience, and fundamental cancer research.  andlt.br/andgt.andlt.br/andgt.This project is being jointly supported by the Physics of Living Systems program in the Division of Physics and the Molecular Biophysics Cluster in the Division of Molecular and Cellular Biosciences.andlt.br/andgt.andlt.br/andgt.This award reflects NSF's statutory mission and has been deemed worthy of support through evaluation using the Foundation's intellectual merit and broader impacts review criteria.",National Science Foundation,NSF|abstract|assigned,"Workforce Development & Institutional Partnerships"
1617606,Designing strong stability in non-critical and rare-earth-lean magnetic materials,,Department Of Energy,Other|title_only|assigned,Materials Science & Structural/Civil Engineering
1625141,"Canada-Mexico-USA Conference in Representation Theory, Noncommutative Algebra, and Categorification","The award will fund the Canada-Mexico-USA Conference in Representation Theory, Noncommutative Algebra, and Categorification that will take place in Northeastern University, Boston in June 2022. Representation theory is a branch of mathematics that studies symmetries of physical theories and of mathematical objects. Often the main objects in representation theory are only the shadow of richer structures that are recovered through deeper study. Noncommutative algebra is a related branch of mathematics that studies deformations of commutative objects found in quantum theories, representation theory, and geometry. The foci of the conference will be on recent advances at the interface of representation theory and noncommutative algebra. on fostering an environment for the establishment of international collaborations between Canada, Mexico, and the USA in these research areas. and on exposing graduate students, post-docs, and early-career faculty in the three countries to current developments in the field. A poster session will run through the full meeting where earlier-career attendees will present their research.andlt.br/andgt.andlt.br/andgt.The main scientific topics for the fourth meeting in this series of Canada-Mexico-USA conferences will be geometric, algebraic, and homological methods in representation theory, representation theoretic and homological properties of noncommutative algebras, and the investigation of those problems using categorical methods. The talks will cover some of the most recent trends including: cluster algebras, monoidal and additive categorifications, quantum symmetries, finite tensor categories, representations of quantized affine Kac-Moody algebras, Calabi-Yau algebras and triangulated categories, Hopfological algebra, web approaches to modular representation theory, and representation theoretic aspects of Heegaard-Floer homology.  For more information on the conference, see https://yakimov.sites.northeastern.edu/can-mex-us-conf-2022/.andlt.br/andgt.andlt.br/andgt.This award reflects NSF's statutory mission and has been deemed worthy of support through evaluation using the Foundation's intellectual merit and broader impacts review criteria.",National Science Foundation,NSF|abstract|assigned,Mathematics & Fundamental Physics
1626382,"In Vivo Mapping of Enzyme Activity using SWIR-emitting, Self-illuminating Quantum Dot Sensors","Project Summary/Abstract
Enzymes play a critical role in biological processes, and measurements of enzyme activity in cells and tissues
are foundational to our understanding of physiology and pathophysiology. Measuring enzyme activity in vivo
provides context within the intact living tissue, enabling organ- or organism-level understanding of the spatial
and temporal differences in enzyme activity. However, most research regarding enzyme activity has been lim-
ited to in vitro and ex vivo methods due to our inability to observe enzyme activity with high sensitivity and high
resolution in deep tissues. Fluorescence-based techniques offer a non-invasive, high resolution look at molec-
ular or morphological information but are often hampered by limited tissue penetration. Imaging in optical tis-
sue windows in the short-wave infrared (SWIR; 900-1700 nm) enables deeper tissue penetration and improved
resolution than visible or NIR light due to reduced absorption and scattering by biological materials. Even at
ideal wavelengths, photoluminescence imaging requires incident light to excite the fluorophore, resulting in
light attenuation both going in and out of the tissue. Luciferase-based bioluminescence imaging eliminates the
need for external excitation, thereby reducing the distance light must traverse through tissue as well as elimi-
nating autofluorescence. While bioluminescence is preferred for many in vivo imaging applications, there are
no reports of SWIR-emitting luciferases, limiting this approach to less preferred visible wavelengths or NIR
probes emitting < 750 nm. In this proposal, bioluminescence energy transfer (BRET) from luciferases to SWIR-
emitting semiconductor quantum dots (QDs) generate self-illuminating SWIR-emitting contrast agents. We pro-
pose the development of the first enzyme-sensing, SWIR-emitting, self-illuminating quantum dots
(QDs). Multiplexing reference and enzyme-cleavable probes for ratiometric in vivo imaging will calibrate the
enzyme activity to the local concentration of probes and is facilitated by our hyperspectral SWIR preclinical im-
ager. We will test our sensor by visualizing the activity of MMP-16, a cell-surface biomarker of liver disease
progression that is correlated with fibrosis, hepatitis, and hepatocellular carcinoma (HCC). To test our hypothe-
sis that dual probe imaging with self-illuminating, SWIR-emitting contrast agents will enable spatial and tem-
poral enzyme activity maps, we will design, characterize, and optimize the BRET probes in vitro. In parallel, we
will use tissue phantoms to compare the signal-to-noise ratios (S/N) and image resolution using BRET vs. pho-
toluminescence excitation mechanisms. Finally, we will demonstrate the functionality of our sensor in phan-
toms and in a mouse model of liver cirrhosis. Successful completion of this project would result in a sensor ca-
pable of reporting MMP-16 activity deep in the liver with high resolution and high sensitivity. Demonstrating this
new way to take non-invasive, high resolution images of enzyme activity in deep tissues will enable a wide ar-
ray of new studies into the role of enzymes in pathophysiology by the scientific community.",National Institutes of Health,NIH|abstract|assigned,Biomedical Sciences
1629989,Women in Noncommutative Algebra and Representation Theory Workshop 3,"This award supports the participation of US-based researchers in the workshop WINART3, Women in Noncommutative Algebra and Representation Theory, held at the Banff International Research Station, Banff, Canada on April 3-8, 2022. The goal of the workshop is to bring together experts and junior participants working in these fields to collaborate on research projects, and its primary focus is to facilitate research activities. There will be eight research groups consisting of four to six participants, each led by two research leaders. Each group will come to the workshop with a prepared plan and project and spend most of the workshop working on their respective projects. The workshop will also feature several introductory, as well as more advanced, talks, and professional development activities. This structure was very successful in previous workshops in the series: WINART1 in 2016 and WINART2 in 2019.andlt.br/andgt.andlt.br/andgt.The fields of noncommutative algebra and representation theory have long been closely intertwined, but even more so since the emergence of quantum groups in the 1980s. The results in these fields have been significant in their own right and also have had a strong influence in shaping other fields such as conformal field theory, the study of operator algebras, string theory, topological field theory, and the various forms of noncommutative geometry. There will be a variety of research topics present at the WINART3 workshop: cluster theory, Hopf algebras and their representation theory, weak Hopf algebras and their actions on algebras, infinite-dimensional Lie theory, and Hochschild cohomology. The workshop website is: https://women-in-ncalg-repthy.org/conferences/winart3-workshop/andlt.br/andgt.andlt.br/andgt.This award reflects NSF's statutory mission and has been deemed worthy of support through evaluation using the Foundation's intellectual merit and broader impacts review criteria.",National Science Foundation,NSF|abstract|assigned,"Workforce Development & Institutional Partnerships"
1631426,Mediators and Moderators of Auditory Training,"This proposal seeks to understand mechanisms of auditory training (AT) and potential of AT to mitigate hearing issues that promote risk of development of Alzheimer’s disease and related dementias (ADRD). Reports from the Lancet Commission (Livingstone and colleagues, 2020), and others, show midlife hearing loss is one of the greatest predictors of late-life dementia, and hearing aids protect against development of ADRD. While this has promoted a push for greater distribution of hearing aids, research from Gates and colleagues (2011) suggests that central hearing processes may be greater predictors of onset of ADRD than peripheral hearing (as addressed through hearing aids). Central auditory processing abilities are fundamental to understand speech, appreciate music, and separate competing environmental sound sources. Hearing challenges experienced with increasing age, especially understanding speech in noisy ambient environments, cause frustration with interpersonal verbal communication and detrimental long-term effects on functional independence, cognitive abilities, and overall quality of life, including increased risk for ADRD. Nevertheless, despite extensive research conducted across multiple fields, clinicians and researchers still disagree about the best ways to address the diversity of hearing difficulties individuals face throughout their lives. The guiding premise of the current proposal is the need for robust and reliable data sets to clarify the underlying mechanisms of AT and to identify the mediators and moderators that impact training outcomes. The overarching goal of this proposal is that better understanding of mechanisms of AT, with focus on speech in competition, can address the most prevalent hearing complaints reported by people as they age, and in turn mitigate transition to ADRD. To address this, we will recruit a large and diverse sample of older adults, including those with prodromal ADRD, and a comparison group of younger adults (1260 participants across training conditions, including separate samples of young and older adults). We will research how baseline cognitive and hearing measures predict training outcomes (moderators) and how these interact with training methods (mediators). To enhance rigor and reproducibility, we will release data sets and training/assessment tools to enable other researchers to conduct analyses, replicate our studies, and test their own training methods using common outcome measures. The proposed research will address four Specific Aims. Aim 1 – Determine the relationship of stimulus complexity and AT outcomes. Aim 2 – Determine the relationship of AT training structures and AT outcomes. Aim 3 – Determine relationships between participant characteristics (moderators) and AT approaches (mediators) on training outcomes. Aim 4 – Create an AT platform that facilitates faithful replication and modelling. Through the collection and dissemination of a large, unique, and comprehensive dataset, this proposal has potential for transformative impact by clarifying moderators and mediators of AT, and will afford translational opportunities to contribute to the mitigation of hearing and cognitive decline in individuals who may be at risk for the development of ADRD.",National Institutes of Health,NIH|abstract|assigned,Public & Behavioral Health
1641248,"INVESTIGATING THE ECOLOGICAL IMPACTS OF RANGE-EXPANDING SPECIES TO THE AMERICAN LOBSTER FISHERY USING COLLABORATIVE SURVEYS, FISHER OBSERVATIONS, AND PREDATOR-PREY EXPERIMENTS",,National Oceanic and Atmospheric Administration,Other|title_only|assigned,Environmental Science & Ecology
1646918,Gamma-Music Based Intervention for Mild Alzheimer's Disease,"Project Summary / Abstract
Alzheimer’s Disease (AD) is characterized by cognitive deficits such as memory loss, as well as deficits in the
motivation that drives daily activities. These cognitive and motivational deficits are linked to widespread neuronal
and synaptic atrophy, coupled with aggregated extracellular Aβ-plaque and tau deposits, and atypical neural
activity across multiple frequencies. Recent work in mouse models of AD have shown that inducing gamma
oscillations with a non-invasive gamma-frequency (40 Hz) light-flickering and auditory tone-stimulation regimes
reduced Aβ plaques and improved spatial and recognition memory. In humans, restoring gamma-frequency
activity while preserving its phase-amplitude coupling with theta-band activity are shown to recover human
memory performance in older adults, and in patients with mild AD, thus offering a promising route towards a
novel therapy that can prevent brain atrophy while improving cognition. Despite their recent successes, it is a
major challenge to translate gamma-frequency neurostimulation from a laboratory study to a behavioral
intervention. Our goal is to promote healthy neurocognitive aging using lifestyle interventions; in particular,
interventions that sustainably elevate mood and reward motivated behavior while encouraging social bonding
may be most promising in slowing the progression of AD. Music listening engages multiple brain networks
involved in sensory processing, movement, language, attention, learning and memory, emotion and reward, and
social connectedness. Music-Based Interventions (MBIs) have the potential to manage symptoms, slow disease
progression, and improve quality of life. Our lab has recently shown that an eight-week MBI can increase auditory
functional connectivity to the reward system. Here we propose to test a novel protocol for music-based brain
stimulation, gamma-MBI: gamma-light stimulation that automatically adapts to music-based intervention.
Harnessing the fact that music listening is an intrinsically rewarding activity, we propose to use music as a carrier
for gamma sensory stimulation. As music contains theta-band acoustic energy, music listening is a form of theta-
band noninvasive brain stimulation. We will test and refine a novel brain-stimulation tool using gamma-frequency
lights coupled with self-selected music for a gamma-music-based intervention for participants with mild
Alzheimer’s Disease. Results will yield a gamma-stimulation protocol that reliably influences brain activity (Aim
1), is adaptive, motivating and rewarding to use (Aim 2), and will generate predictions as to who might benefit
the most from gamma-MBI (Aim 3). By bridging the gap between neurostimulation and behavioral intervention
by combining music therapy with gamma-band neurostimulation, the present project aims to find a sustainable
intervention that delays the progression of AD. Our team is uniquely qualified to address all aspects of this
innovative and ambitious project.",National Institutes of Health,NIH|abstract|assigned,Biomedical Sciences
1648758,SCH: Enhancing Automated Prediction of Challenging Behavior in Individuals with Autism Using Biosensor Data and Machine Learning,"PROJECT SUMMARY (See instructions): 
Autism Spectrum Disorder (ASD) is one of the most common childhood disorders (1 in 44 ). Individuals 
with ASD have a higher prevalence of challenging behavior (e.g., aggression, self-injury, emotion 
dysregulation) that interferes with adaptive development, ranks among the most common causes for 
referral to behavioral healthcare services, and incurs high healthcare costs. Over the past four years, the 
team at Northeastern University has made significant research progress developing machine learning 
procedures that automate the detection of challenging behavior onsets in individuals with ASD using 
wearable biosensor data (cardiovascular, electrodermal, and physical activity). Despite our promising 
results, issues still need to be addressed to enable practical daily use in real-world contexts. This includes 
the need for extensively labeled data, individual calibration from population models to specific individuals, 
and handling the non-stationary nature of challenging behavior and physiological data. This project aims 
to advance fundamental machine learning theory and techniques that facilitate rapid model 
individualization and continuous online model adaptation with little or no labeled data. To this end, we will 
contribute to areas including domain adaptation, transfer learning, lifelong learning, and robust modeling 
and inference. Three Specific Aims guide the project: (1) Rapid physiological and behavioral data model 
individualization; (2) Continuous lifelong physiological and behavioral data model adaptation; and (3) 
Validation of model individualization and adaptation techniques with prospective data collected in a clinical 
setting from our partners at the Marcus Autism Center at Emory University who specialize in functional 
analysis of challenging behavior in individuals with ASD. Across these Aims, we will explore applications 
of semi-supervised learning theory, data importance weighting, Support Vector Machines, neural network 
models, Hierarchical Markov-Modulated Point Process Models, and Bayesian evidence fusion. The 
modeling and inference techniques we develop will be of general applicability to other health application 
contexts involving event prediction (e.g., seizure detection) and human action/decision-making (e.g., 
intensive care unit triage).",National Institutes of Health,NIH|abstract|noise,Public & Behavioral Health
1657655,UNDERSTANDING THE NATURE OF XMM-NEWTON SERENDIPITOUS X-RAY SOURCES,,National Aeronautics and Space Administration,Other|title_only|assigned,unassigned
1658743,Identifying and Addressing Social Determinants of Health to Reduce the National Burden of and Inequities in Dementia,,National Institutes of Health,NIH|title_only|assigned,Public & Behavioral Health
1667930,Collaborative Research: Mapping and comparing the link of the protein scaffold to quantum events in thermally activated enzymes and flavin-based photoreceptors,"This project studies how biological macromolecules are able to efficiently promote and utilize non-trivial quantum phenomena at or near room temperatures that are necessary for function. This project will provide a new understanding for how biology integrates quantum behavior into macromolecular function. There is also the potential to inform and aid the advancement of new quantum science and technologies, such as the development of de novo systems that harness quantum phenomena. This project puts forth a highly collaborative, synergistic research approach entailing a multi-disciplinary study in structural biology, protein biochemistry, enzymology, chemistry, and physics. Mentorship is key to the success of this project with multi-layered training opportunities, built on the principles of team science, available to postdoctoral trainees as well as graduate and undergraduate students. The project will also develop an innovative, cross-institutional, course-based research experience to be implemented in the undergraduate curriculum. This effort will be aimed at biology-focused and primarily underrepresented students who will be engaged in research that is related to non-trivial quantum effects in biology.andlt.br/andgt.andlt.br/andgt.andlt.br/andgt.Proteins, and possibly other macromolecules, have evolved in a manner to initiate, sustain, enhance, and/or communicate quantum phenomena, including tunneling and spin coherence. A full mechanistic understanding into how nature accomplishes these interactions, and how it leads to a biological outcome, resides in the successful interplay between the scaffold of the protein and active site quantum behavior. Investigations within this project will draw on cutting edge advances in experimentation, including time-resolved and temperature-dependent structural studies coupled with functional assays, and theory to create a complementary and holistic data-driven understanding of the relationship between energy flow in a protein structure and either thermal or light initiation of quantum behavior. The research focuses on two disparate protein systems with distinct folds and complementary quantum effects  hydrogen tunneling in lipoxygenase catalysis and spin coherence in cryptochromes associated with magnetoreception and circadian clocks. The underlying theme of the research will be the identification and mapping of anisotropic protein networks that control vibrational motions and/or conformational changes linked to a productive output. The principles that emerge from this research go beyond the scope of hydrogen tunneling and spin coherence, by expanding our knowledge base of function-coupled thermal and light activated protein networks. The resulting insights could potentially be leveraged to encode new functionalities into (re)designed proteins. This project is supported by the Molecular Biophysics Cluster in the Division of Molecular and Cellular Biosciences.andlt.br/andgt.andlt.br/andgt.This award reflects NSF's statutory mission and has been deemed worthy of support through evaluation using the Foundation's intellectual merit and broader impacts review criteria.",National Science Foundation,NSF|abstract|noise,Biomedical Sciences
1668813,Conference: Maurice Auslander Distinguished Lectures and International Conference,"This award supports the 2023 and 2024 Maurice Auslander International Conference, which will be held at the Woods Hole Oceanographic Institution, Quissett Campus in Woods Hole, Massachusetts, USA from April 26 to May 1, 2023, and again in the last week of April, 2024.The Maurice Auslander International Conference, held annually since 2002, is intended to be a center of activity for the representation theory of finite dimensional algebras in the United States. The conference will be a combination workshop/conference/student presentation event. It will serve three principal objectives: to improve understanding of basic background knowledge in the field of representations of finite dimensional algebras and related topics, to keep participants up to date on the newest developments in the field, and to give young American researchers an opportunity to showcase their results in front of an international audience. andlt.br/andgt.andlt.br/andgt.Maurice Auslander was an influential mathematician at Brandeis University, widely known for his work in the representation theory of finite dimensional algebras. The Maurice Auslander International Conference brings together mathematicians from Representation Theory and related areas of Combinatorics, Invariant Theory, Commutative Algebra, Homological Algebra, and Mathematical Physics. Each day of the conference will start with an expository lecture by a known international expert in various fields of Algebra, Combinatorics or related fields, keeping to the central theme of Representation Theory. This will be followed by one or two student presentations explaining the results that the students have obtained for their PhD thesis. The rest of the lectures will be traditional conference talks. Information on the upcoming conference, as well as records for  previous years, can be found at http://www.northeastern.edu/martsinkovsky/p/MADL/MADL.html.andlt.br/andgt.andlt.br/andgt.This award reflects NSF's statutory mission and has been deemed worthy of support through evaluation using the Foundation's intellectual merit and broader impacts review criteria.",National Science Foundation,NSF|abstract|assigned,Mathematics & Fundamental Physics
1669262,CAREER: SaTC: Rethinking Trusted Execution Environments for Embedded and IoT Systems,"Networked embedded and Internet of things (IoT) systems are essential to everyday life and predicted to reach one trillion systems by 2035. These systems power a variety of embedded and IoT devices, such as sensors, medical devices, wearables, smart family gadgets, industrial computing units, autonomous vehicles, and infotainment systems. While the benefits of these systems are unparalleled, they are susceptible to cyberattacks, which are occurring at unprecedented levels and often have severe consequences ranging from loss of life to homeland security breaches. To ensure our IoT infrastructure and ecosystem are built on a trustworthy and secure foundation, this project's novelties are to expand knowledge in pursuit of trustworthy and deployable solutions encompassing the hardware and software layers of computer systems. The project's broader significance and importance, beyond securing the IoT infrastructure, are to train the next generation of cybersecurity researchers, educators, and practitioners with deep theoretical understandings and practical skills in this field.andlt.br/andgt.andlt.br/andgt.Trusted Execution Environments (TEE), an enabling technology for the confidential computing paradigm, are offered in Central Processing Units (CPUs) as a foundational primitive for security to keep code and data loaded inside computer systems protected. The hardware and software layers of existing TEEs nevertheless have been criticized for lack of transparency and presence of vulnerabilities. This project studies a systematic research approach to increase the trustworthiness and deployability of TEEs and TEE-based security solutions for embedded and IoT devices. Specifically, the project advances the frontiers of knowledge in (1) designing trustworthy TEE hardware paradigms with a minimal Trusting Computing Base (TCB). (2) discovering and fixing confused deputy vulnerabilities of TEE software. and (3) developing new security solutions that utilize TEEs and other hardware units for better protection and superior performance. The education thrust advances the state of knowledge in IoT software and system security education pedagogy and platform.andlt.br/andgt.andlt.br/andgt.This award reflects NSF's statutory mission and has been deemed worthy of support through evaluation using the Foundation's intellectual merit and broader impacts review criteria.",National Science Foundation,NSF|abstract|assigned,"Computing, Networking & Robotic Systems"
1688349,Collaborative Research: SaTC: CORE: Medium: Accelerating Privacy-Preserving Machine Learning as a Service: From Algorithm to Hardware,"\""Machine learning (ML) as a service is being overwhelmingly driven by the ever-increasing clients' intelligent data processing needs through the use of cloud servers, where powerful ML models are hosted. Although pervasive, out-sourced ML processing poses real threats to personal or business providers' data privacy. For example, the clients either need to share their sensitive data, such as healthcare records, financial information, with the server, or the server has to disclose the model to the clients. To guarantee privacy, the rise of cryptographic protocols, such as Homomorphic Encryption (HE), Multi-Party Computation (MPC), enable ML analytics directly on the encrypted data. While enticing, there still exists a big gap between the theory and practice, e.g., long latency due to the prohibitively expensive computation or communication overhead over ciphertext. This project aims to practically accelerate the private ML service by offering a full-fledged development of efficient, scalable and encryption-conscious computing paradigms. The project's novelties lie in new ML-specific cryptographic operators, accuracy-preserving and crypto-friendly neural architectures, and pioneered algorithm-hardware co-design methodologies. The project's broader significance and importance are: (1) to advance trustworthy artificial intelligence (AI), one of the national strategic pillars of the National AI Initiative. (2) to deepen the understanding of interactions among cryptography, machine learning and hardware acceleration. (3) to enrich the computer engineering curriculum, and the training of students from diverse backgrounds through relevant programs at Lehigh University, Northeastern University, and the University of Connecticut.andlt.br/andgt.andlt.br/andgt.The project will develop a multifaceted design paradigm for efficient, scalable and practical algorithm-hardware co-optimized solutions to significantly accelerate privacy-preserving machine learning on hardware platforms such as FPGA. This project consists of three intervening research thrusts: (1) to orchestrate information representation and model sparsity in the encryption domain to fundamentally decrease the memory and computation footprint in the HE inference. (2) to overcome the ultra-high overhead associated with the MPC-based solution through techniques such as encryption-aware model truncation and partial hardware reconfiguration. (3) to search for crypto-friendly and accuracy-preserving neural architectures via jointly optimizing non-linear operation reduction, and closed loop \""\""algorithm-hardware\""\"" design space exploration.andlt.br/andgt.andlt.br/andgt.This award reflects NSF's statutory mission and has been deemed worthy of support through evaluation using the Foundation's intellectual merit and broader impacts review criteria.\""",National Science Foundation,NSF|abstract|assigned,"Computing, Networking & Robotic Systems"
1688801,Microlocal analysis and singularities,"Degenerations and singularity formations play important roles in the study of differential geometry and arise naturally in multiple other areas of mathematics, including, algebraic geometry, mathematical physics, number theory, and representation theory. This project concerns the geometry of singularities and has interesting connections with an array of disciplines including modeling of electromagnetic systems, gauge theory and string theory. Building on her track record, the PI plans to use effective techniques to solve a wide variety of problems and discover new and sharper analytic results. Alongside her research, the PI will engage in various outreach activities, with a focus on fostering mentoring networks for undergraduate and graduate students.andlt.br/andgt. andlt.br/andgt.This project involves studying singular metrics using geometric microlocal analysis. The PI will address problems related to metric degenerations, including the perturbation theory, singular uniformization problems, parametrization of moduli spaces and related geometric properties on singular metrics. Tools include geometric resolutions or compactifications which resolve the singularities and provide more detailed analytic properties, in addition to interactions with algebraic and differential geometry which in turn suggest which PDE techniques need to be developed. The PI will use these methods to study problems such as the stratification and singularities of the moduli space of constant curvature conical metrics, hyperbolic metrics with cusps and their spectral gaps, and gauge-theoretic singular metrics such as gravitational instantons and their degenerations.andlt.br/andgt.andlt.br/andgt.This award reflects NSF's statutory mission and has been deemed worthy of support through evaluation using the Foundation's intellectual merit and broader impacts review criteria.",National Science Foundation,NSF|abstract|assigned,Mathematics & Fundamental Physics
1689061,"Categorical centers, cactus actions, and diagram algebras","This project delves into several research directions within representation theory, which is the mathematical framework for studying objects through their symmetries and the operations which preserve them. Such operations can carry a classical, or even more intriguingly a quantum algebraic structure. Originally appearing in physical models within statistical mechanics and quantum integrable systems, quantum groups and the theory surrounding them are now a thriving source of uncovering new mathematical principles. This project will develop a richer understanding of this theory by building a common ground for combining algebraic, combinatorial, and higher-structural categorical techniques for the study of quantum groups and associated diagram algebras. This will lead to a more unified approach and provide connections between several areas of mathematics, as well as potential physical applications. The project will involve the participation of undergraduate students and create opportunities for discussion and collaboration among early-career researchers. andlt.br/andgt.andlt.br/andgt.Specifically, the project will answer several questions about the representation theory of quantum groups and their related algebras from a categorical and a combinatorial perspective. In more detail, the centers of quantum groups are key to understanding the structure of their representations, which have further key symmetries captured by braid and cactus groups. The actions of quantum groups are intertwined with actions of Hecke and Temperley-Lieb algebras, informing each other's behavior and the structures of their representations. The main goals of the project are to first construct and diagonalize elements of the centers of categorified quantum groups, and use the resulting collection of idempotents to study the decomposition of categorical representations. Subsequently, the PI will develop new tools and build connections between braid and cactus group actions, both on the classical and higher-structure, categorical level, and in the process develop the representation theory of the cactus group. Finally, the PI will investigate a family of closely related diagram algebrasthe two-boundary Temperley-Lieb algebrasand unite three radial viewpoints of their standard modules, which will enable the study of their decomposition and irreducibility.andlt.br/andgt.andlt.br/andgt.This award reflects NSF's statutory mission and has been deemed worthy of support through evaluation using the Foundation's intellectual merit and broader impacts review criteria.",National Science Foundation,NSF|abstract|assigned,Mathematics & Fundamental Physics
1691605,SaTC: CORE: Medium: Increasing user autonomy and advertiser and platform responsibility in online advertising,"Popular social media services are primarily funded by powerful advertising systems built using data collected from users. While social media's advertising platforms are becoming more feature-rich and powerful, the underlying services themselves are increasingly embedded--and influential--in everyone's daily lives. Unfortunately, these advertising systems are opaque and difficult to study. Using complex techniques to overcome these systems' resistance to study, scientists and journalists have begun documenting the harms of the advertising experiences created by online services' advertising systems. This project introduces novel techniques to study users' advertising experiences and the role of advertisers and advertising platforms in creating those experiences. The project will contribute to improving the advertising ecosystem by strengthening the autonomy of end users, as well as ensuring accountability of advertisers and advertising platforms.andlt.br/andgt.andlt.br/andgt.The project consists of three thrusts, each focusing on a different stakeholder: (1) users, (2) advertisers, and (3) online services. First, the project team is conducting a series of replicable controlled experiments to evaluate the extent to which the controls provided by platforms meaningfully empower users to change the ads they receive and develop improved user controls. Second, the team is focusing on online ad libraries, which provide targeting and delivery information for certain categories of ads. They are collecting this data at scale for all available U.S. advertisers, to develop replicable approaches for measuring (a) how advertisers are using (and abusing) targeting features, (b) the extent to which platform algorithms are steering ads to biased groups, and (c) the consequences of observed advertiser behavior for legislative and regulatory proposals. Third, the project team is focusing on the online service itself.  the team is introducing novel techniques that creatively use advertiser tools to study the impact of potential discrimination on intersectional groups. Overall, this project will help (a) promote change in online services' advertising systems toward mitigating negative individual and societal effects, (b) provide replicable approaches to monitoring autonomy and bias concerns in online advertising, and (c) raise awareness among regulators and lawmakers about the extensive and opaque advertising ecosystem that powers these services.andlt.br/andgt.andlt.br/andgt.This award reflects NSF's statutory mission and has been deemed worthy of support through evaluation using the Foundation's intellectual merit and broader impacts review criteria.",National Science Foundation,NSF|abstract|noise,"Social Science, Public Policy & Education Research"
1696269,Fibrillar polymorphs in human brain tissue,,National Institutes of Health,NIH|title_only|noise,Biomedical Sciences
1697564,Cancer misinformation on social media and its correction,"Project Summary
The overarching goal of this study is to measure the prevalence of cancer misinformation on social media and
understand the mechanisms that underlies its spread. Belief in misinformation can have serious ramifications,
particularly when the misinformation is regarding life threatening conditions such as cancer. We currently lack
answers to even basic questions regarding cancer misinformation online. For example, how much cancer
misinformation is there on social media? How do people make assessments of trust and source credibility?
How well do people update their beliefs when cancer misinformation is corrected? What are the psychological
mechanisms of this belief updating? This Pathway to Independence Award (K99/R00) application by Dr.
Briony Swire-Thompson intends to fill this knowledge gap by building on her prior research regarding
misinformation prevalence on social media, source credibility, and the correction of misinformation. The
proposed research will be complemented by focused training on three areas, (1) increasing Dr. Swire-
Thompson’s knowledge of cancer and cancer misconceptions (2) furthering her social media data skills, and (3)
fostering professional development to facilitate the transition into an independent research position. These
training goals will be supervised by an interdisciplinary mentoring team. This team will be led by Dr. Lazer, a
University Distinguished Professor of Computer Sciences at Northeastern University’s Network Science
Institute. The co-mentors will be Dr. Viswanath, a cancer communications expert and Lee Kum Kee Professor
of Health Communication at the Harvard T. H. Chan School of Public Health, and Dr. Johnson, an oncologist
and Assistant Professor at the University of Utah’s School of Medicine. This training will aid Dr. Swire-
Thompson to answer three specific research aims. First, the prevalence of cancer misinformation on social
media will be investigated. In the K99 phase, she will focus on Twitter to investigate who is more likely to be
exposed to and share cancer-related misinformation. In the R00 phase this will be extended to Facebook,
where we invite a representative sample of individuals to donate their social media data and respond to surveys
regarding their relationship with cancer, and why they share information. The second specific aim is to
investigate how people make judgements of source credibility, and the extent that credibility is reduced when
cancer sources are disreputable (such as spreading misinformation or having a lack of expertise). The third
specific aim is to understand the cognitive mechanisms behind updating belief in cancer misinformation. This
will be conducted by exploring whether cancer-related misinformation is more difficult to correct than non-
cancer related misinformation, and if so, why? This will be tested in both a general population and a population
whose close relatives have cancer. In sum, this 5-year research and training plan will allow Dr. Swire-
Thompson to establish an independent research program dedicated to understanding cancer misinformation
on social media and its correction.",National Institutes of Health,NIH|abstract|noise,"Social Science, Public Policy & Education Research"
1704959,"The Fruits of Their Labor: The Work of Early American Scientific Women, 1750-1860","\""Research and writing leading to a book on womenÆs
scientific practices and redefinitions of science in early America.&nbsp.</p>
This monograph unsettles assertions that few women practiced science in early America, arguing that the erasure of womenÆs labor in this period (1750-1860) was both contemporaneous and retroactive, occurring as science was redefined in opposition to womenÆs gendered roles. I examine gender-based disparities in eighteenth and nineteenth-century scientific societies, in book production, in education, and in archives themselves. The project aims to understand the ways that race and class converged with gender to determine how and when women could be acknowledged as scientific practitioners. I recover the work of understudied women while assessing the historical construction of gender bias in scientific networks and practice û essentially, the book lays out the early modern origins of the modern-day gender gap in science fields.</p>\""",National Endowment for the Humanities,Other|abstract|assigned,"Social Science, Public Policy & Education Research"
1706312,"PFI-RP: Use of Augmented Reality and Electroencephalography for Visual Unilateral Neglect Detection, Assessment and Rehabilitation in Stroke Patients","The broader impact/commercial potential of this Partnerships for Innovation Research Partnership (PFI-RP) project is in the development of a visual unilateral neglect detection, assessment, and rehabilitation tool for stroke patients.  According to the Center for Disease Control and Prevention, stroke is a leading cause of serious long-term disability, including the cost of healthcare services, medicines and missed days of work. Stroke related costs in the United States are around $50 billion every year. Unilateral spatial neglect (neglect) is a disabling neurocognitive impairment for stroke patients occurring in 28.60% of the stroke population.  Moreover, neglect is a strong predictor of disability, and stroke patients with neglect have longer hospital stays and receive more direct treatment time from physical and occupational therapists than individuals without neglect, culminating in significantly higher healthcare costs.  However, there is currently no commercial product targeting neglect detection, assessment and rehabilitation. Current clinical gold standard neglect detection methods are affected by compensatory strategies and are not sensitive to changes in the severity of neglect. and rehabilitation techniques are not effective in reducing disability associated with neglect.  This project, through a multidisciplinary team, will address these issues while developing the proposed neglect detection, assessment, and rehabilitation technology. andlt.br/andgt.andlt.br/andgt.andlt.br/andgt.The proposed project will develop a neglect detection, assessment and rehabilitation tool that incorporates stimulation to draw attention to the affected side of the body and environment based on the automatic detection of neglect through neurophysiology measured through electroencephalography, thereby stimulating neural networks responsible for spatial attention and perceptual processing for stroke patients. Stimulation during everyday activities with high levels of repetition is needed to promote implicit learning that supports generalization of learning and independence.  Current detection and rehabilitation methods lack the necessary precision, salience, and repetition to promote this type of learning. Due to limitations associated with these methods, there is no gold assessment for neglect or standard of care for rehabilitation of neglect in routine clinical practice. The proposed project offers a potential solution to these problems, incorporating best practices from rehabilitation intervention research and state-of-the-art technologies that will be cost-effective to be implemented in rehabilitation clinics. The proposed technology incorporates objective and reliable quantification of neglect severity and tailored sensory stimulation that is: (i) technology-driven (accurate, reliable, repetitive, cost-effective). (ii) multimodal: visual, auditory, haptic stimulation (optimizes perceptual processing). (iii) individualized to the available field of vision. and (iv) simultaneous with ``real-world'' activities of daily living .andlt.br/andgt.andlt.br/andgt.This award reflects NSF's statutory mission and has been deemed worthy of support through evaluation using the Foundation's intellectual merit and broader impacts review criteria.",National Science Foundation,NSF|abstract|assigned,"Computing, Networking & Robotic Systems"
1722957,Multi-Scale Magnonic Crystals and Fractional Schr?dinger Equation-Governed Dynamics,"Nontechnical Abstract:andlt.br/andgt.This project focuses on the design of advanced materials utilizing the geometries of nature. Nature, unlike geometry class in high school, is not composed of smooth lines, planes, and spheres, but rather bumpy, wrinkled, jagged curves like DNA wrapped up in the cell, surfaces like a mountainous landscape, and volumes like the porous nature of soil in the water table. Fractional derivatives have been used to describe these geometries of nature, but no one has built such geometries from the ground up, element by element. Using textured thin magnetic films, the team will build such geometries as the basis for a new class of materials intermediate between order and disorder. These materials will control transport of information in the form of waves of magnetism, called spin waves, moving through our textured thin film slower (sub-diffusive) or faster (super-diffusive) than possible in simple geometries used up till now. Construction of this new artificial material will be the first experimental realization of a quantum fractional derivative, because spin waves follow the same equations as the wave physics of quantum mechanics, in this case the fractional Schrdinger equation, up till now a purely theoretical idea. A key facet of this work is cross-training of graduate students between theory and experiment, producing a more robust workforce that can work in multiple modalities to solve new problems not tractable otherwise. Fields in which the work force can excel with this knowledge include battery technology, based on porous, fractional materials. the spread of contaminants in soil and the water table. and vascular structures for transport in biological matter, including self-healing materials based on biological ideas.andlt.br/andgt. andlt.br/andgt.Technical Abstract:andlt.br/andgt.Fractional derivatives describe the bumpy, wrinkled, and jagged geometries of nature, where an integer derivative leads to divergent results rendering traditional definition of a derivative inapplicable, due to a rapid increase in the tangent and curvature with decreasing ruler size. Such natural geometries in the quantum context have been theoretically described with the fractional Schrdinger equation but never experimentally studied. The team  will explore the fractional Schrdinger equation-governed fundamental physics in multi-scale materials that consist of magnetic thin filmbased, spatially modulated magnonic crystals. They will design and measure tunable sub-diffusive and super-diffusive transport in this artificial lattice as clear evidence of fractional Schrdinger equation dynamics. The design builds on a new order-disorder lattice modulation axis, with an ordered lattice at one extreme and a disordered lattice giving rise to Anderson localization at the other. The project will provide a general basis for generating fractional partial differential equations, and lead to a deeper understanding of the present highly empirical approach to porous and other fractional media ranging from battery applications to biomimetic Murray materials to spread of contaminants in soil and the water table. The program will be carried out through tight, integral collaborations between Mingzhong Wu's experimental group at Colorado State University and Lincoln Carr's theoretical group at Colorado School of Mines. Working together as an integrated team encompassing experimental and theoretical condensed matter physics, they propose a multi-faceted approach to meet broader impact goals, centrally themed on blending experiment and theory to train our graduate and undergraduate student to become well-rounded scientists.andlt.br/andgt. andlt.br/andgt.This DMR grant supports research on fundamental understanding of quantum materials and especially exploring principles that cross-cuts many other condensed matter systems with funding from the Condensed Matter Physics (CMP) Program in the Division of Materials Research of the Mathematical and Physical Sciences Directorate.andlt.br/andgt.andlt.br/andgt.This award reflects NSF's statutory mission and has been deemed worthy of support through evaluation using the Foundation's intellectual merit and broader impacts review criteria.",National Science Foundation,NSF|abstract|assigned,Materials Science & Structural/Civil Engineering
1723938,HCC:SMALL:Tools for Programming and Designing Interactive Machine-Knitted Smart Textiles,"Industrial knitting machines exist on factory floors worldwide and manufacture various textiles for a range of clothing and home goods. However, beyond common textile products, modern machine-knitting manufacturing equipment has the potential to produce complex interactive smart textiles with a variety of useful, innovative applications. For example, fabrics embedded with conductive yarns can be used to make clothes with health sensors. Imagine a sweater that can measure the heart rate of a patient with heart disease and be washed and handled like any other sweater. Such sensors are not produced because the software used to design these smart textiles and control these knitting machines is limited and too complex for many garment designers. This issue makes the production of smart textiles too expensive or complex to put into practice. This project will investigate the user-experience needs of garment designers and hand-knitters for machine-knitting software to help them create these complex smart textiles. This project will promote science by advancing knowledge of the machine knitting design process and how it can be integrated with existing machine knitting tools to produce novel smart textile materials. This advancement will support national health and well-being by providing a new way of manufacturing smart textiles for various applications such as healthcare, sustainable and local, within the United States, manufacturing of clothing.andlt.br/andgt.andlt.br/andgt.This project will enable further development of machine-knit materials and the design of smart textile garments. Success will be measured by three outcomes: (1) a comprehensive examination of the design space of machine knitting, (2) the development of two software systems, KnitScript for programmers and KnitCAD for designers, to support the design of machine-knitted smart textiles, and (3) the creation of interactive, health-sensing garments. To engage with stakeholders such as programmers, machine knitting experts, hand-knitters, and textile designers, the research will employ various human-centered methods, including interviews, artifact collection, participatory design, and design probes. System development will draw on concepts from software engineering, programming language design, and interaction design for design tools.andlt.br/andgt.andlt.br/andgt.This award reflects NSF's statutory mission and has been deemed worthy of support through evaluation using the Foundation's intellectual merit and broader impacts review criteria.",National Science Foundation,NSF|abstract|noise,"Computing, Networking & Robotic Systems"
1745157,Engineering for Women's Health,"The Engineering for Women’s Health Conference addresses historical disparities in women’s health
research by establishing a dedicated platform for interdisciplinary collaboration and discourse.
Despite the historical emergence of gynecology, progress in women-specific health issues has
experienced a notable lag. This conference, situated in Greater Boston, a nexus of cutting-edge
institutions, emphasizes the crucial role of engineering in advancing women’s health. Specific Aim 1
focuses on providing a platform for prominent engineering researchers and experts in women’s health
in the Greater Boston area to present and discuss their latest findings. This initiative aims to not only
foster collaboration and identify gaps in scientific knowledge but also underscore the pivotal
contributions of engineering to innovative solutions. Specific Aim 2 aims to engage the broader
community, particularly members in training, in a dialogue concerning the latest advancements in
women’s health research. Through traditional presentations, networking events, and the creation of a
publicly accessible “Conference Brief,” the project will extend the impact of collective efforts to a
broader audience, highlighting the importance of incorporating engineering perspectives in
addressing women’s health challenges. Aligned with the mission of the National Institute of Child
Health and Human Development (NICHD), this conference directly contributes to the improvement of
the health and well-being of women, underscoring the unique role that engineering can play in
enhancing health outcomes for women and children. Led by Principal Investigator (PI) Amini and
faculty co-advisor Bellini, the project involves a collaborative effort with a dedicated team of PhD
students. Distinguished speakers selected from the Greater Boston area will significantly contribute to
the overarching objectives of the conference. In essence, through the Engineering for Women’s
Health Conference the PI and the organizing team endeavor to bridge historical gaps, push the
boundaries and inspire innovation within the context of engineering, and contribute to the
advancement of health outcomes for women.",National Institutes of Health,NIH|abstract|noise,"Workforce Development & Institutional Partnerships"
1761611,NSF-ANR MCB/PHY Building Quantitative Models of Eukaryotic Cell Motility,"Cell motility through tissues is a key aspect of both healthy developmental processes and the spread of cancer to metastatic sites. Hence, understanding the key ingredients behind this process in a quantitatively predictive manner is of tremendous interest both for fundamental biophysics and practical applications. This award focuses on a joint experiment-theory project to further this understanding. The methodology will rely on constructing a detailed computational model taking into account features of the motility process that have heretofore not been included in any such approach. These features include how the cell utilizes blebbing (pressure induced protrusions of the cell membrane) to move forward and how it deforms its nucleus to allow passage through tight spaces. These aspects will be investigated experimentally by studying cells moving through carefully designed microstructures and measuring their morphology and mechanics during the motility process. these experiments, carried out by French collaborators from the Ecole Normale in Paris, will provide critical data for both developing and testing the computational model.  Coupled to the research aspects of this award will be the training of students to address highly interdisciplinary research areas and also the furthering of scientific exchanges between teams in the US and France, who have historically approached this subject using complementary perspectives.andlt.br/andgt.andlt.br/andgt.andlt.br/andgt.In this award the investigators propose to develop a new generation of phase-field-based models for studying eukaryotic cell motility, especially when it takes place in complex geometries. Previous efforts have neglected important features such as cortex contractility, the role of the nucleus, and the ability of cells to switch motility phenotypes. Now, recent advances in both available experimental information and computational techniques coupled with raw computational power will enable this critical advance to tackle a fundamental aspect of cell physiology. The creation of such a new generation model will yield results that have wide implications for both developmental processes and disease states such as metastatic cancer. This project brings together principal investigators who have extensive experience in the nonlinear dynamics underlying cytoskeletal dynamics and cell motility (Levine), and in the development of advanced analytic and computational techniques that have transformed the phase-field idea into a powerful and quantitatively accurate tool for free surface problems in non-living systems (Karma). The proposal also will also involve collaborators from the Ecole Normale who will design and conduct specific experiments to provide needed data to further model development and validation. andlt.br/andgt.andlt.br/andgt.This collaborative US/France project is supported by the Physics of Living Systems program in the Division of Physics at the US National Science Foundation and the French Agence Nationale de la Recherche, where NSF funds the US investigator and ANR funds the partners in France.andlt.br/andgt.andlt.br/andgt.This award reflects NSF's statutory mission and has been deemed worthy of support through evaluation using the Foundation's intellectual merit and broader impacts review criteria.",National Science Foundation,NSF|abstract|noise,Biomedical Sciences
1762791,Collaborative Research: Modeling the Influence of Turbulence on Flow-induced Instabilities of Large Flexible Structures with Innovative Applications in Wind Turbine Blades,"This award supports research that enables a new dynamic model for fluid-structure interaction (FSI) systems with a focus on large wind turbine blades, thereby promoting the progress of science, and advancing prosperity and welfare. The project will promote safe design of next-generation offshore wind turbine structures by enabling slender and lighter blade designs. The research will provide indications about various wind turbine blade aeroelastic instability thresholds along with the most appropriate simulation and analysis approaches for novel designs of longer and therefore more efficient wind turbine blades. Although flow-induced instabilities have been predicted to occur for such new wind turbine blade designs, predictions are often based on deterministic models without the influence of flow turbulence and load variability. This project will address this critical gap by combining experimental measurements and theoretical modeling to derive a novel model that accounts for the influence of turbulence on the onset of instability and post-critical behaviors. This research is timely since the current energy plan of the United States strongly emphasizes the need for alternative and sustainable energy production by offshore wind energy. Integrated research and educational initiatives will complement the activities. The findings of this research will be disseminated, at different levels, by integrating the research into the outreach programs for K-12 students and teachers, creating new modules for different courses, hosting high school classes, and broadening research opportunities for students from under-represented minority groups.andlt.br/andgt.andlt.br/andgt.This research aims to make fundamental contributions to accelerate the use of stochastic and probabilistic structural dynamics to examine pre- and post-critical behavior of fully-coupled FSI systems with asymmetric structures and subjected to three-dimensional flows that can undergo nonlinear dynamic instabilities. It will achieve this goal by producing models that describe turbulence effects and more accurately considering the aeroelastic loads, which are relevant to highly flexible and asymmetric structures, such as a wind turbine blade. The existing aeroelastic load models are mainly for basic-shape airfoils (symmetric, small thickness idealized surfaces), and their flow parameters are based on experiments conducted on airfoil cross sections that represent long structures, under two-dimensional flow conditions. The researched modeling will include the asymmetries, twists and variable thicknesses that are typical of modern wind turbine blades but also applicable to a wider range of structures similar to wind turbine blades. These asymmetries and twists result in a highly three-dimensional turbulent flow. Several series of experiments will be conducted both at small and large scales. Information on flow forces and turbulence intensities for each case will be collected to inform a semi-empirical stochastic model for the onset and post-critical instability of the structure. The model will account for three-dimensional rotationally sampled flow features and will be validated at two separate experimental scales. These two sets of aeroelastic experiments will enable model verification for larger and full-scale structures.andlt.br/andgt.andlt.br/andgt.This award reflects NSF's statutory mission and has been deemed worthy of support through evaluation using the Foundation's intellectual merit and broader impacts review criteria.",National Science Foundation,NSF|abstract|assigned,Materials Science & Structural/Civil Engineering
1763042,"Collaborative Research: NeTS: Medium: Measurement, Modeling and Analysis to Assess Network Connectivity and Performance at Anchor Institutions","To provide essential services, anchor institutions (which include public libraries, schools, and hospitals) increasingly rely on high quality broadband Internet connections that enable important services such as educational software, videoconferencing, and telehealth. However, little is currently known about whether the quality of such anchor institutional networks (AINs) meets their needs. This project will fill this gap by conducting rigorous measurements to identify locations, quality, and opportunities for improving AINs. Such information can help governmental and private efforts to improve the ability of anchor institutions to serve the technological needs of the general public.andlt.br/andgt. andlt.br/andgt.The intellectual merits of this project fall in three related categories on computer network availability, reliability, and performance. First, on network availability, the work will create an annotated map of AINs, including the providers that they use to connect to the Internet. Second, on network reliability, the project will collect evidence to assess how reliable AINs are, for example, how often they experience outages, using a mix of existing and novel methods in Internet measurement. Third, on network performance, this research will determine whether AINs meet the technology needs of users who rely on them, for instance, whether the connection speed at the library is sufficiently high to support videoconferencing for all patrons who need it. This category requires significant advances in network performance characterization, particularly on determining (and measuring) the adequate bandwidth needs for a varied mix of networked applications.andlt.br/andgt. andlt.br/andgt.This collaborative project, which brings together researchers from Northeastern University, University of California-Davis, and University of California-Santa Barbara,  has the potential for substantial broader impacts beyond its scientific advances. AINs are often the last line of availability for many users from historically-marginalized communities, including school-age children in rural or tribal areas, who do not have reliable or adequate Internet service at home. Thus, adverse events affecting AINs (outages) or persistently inadequate connections (low performance) can lead to disproportionately negative impacts on these at-risk communities, including low-income neighborhoods in urban cores. By producing a comprehensive study that evaluates connectivity at anchor institutions, this project will facilitate broadband equity and access efforts from consumer advocates, Internet providers, and  local, state, and federal governments.andlt.br/andgt. andlt.br/andgt.All code and non-sensitive datasets will be publicly released on this repository: https://github.com/anchor-institutions/anchor-institutional-networks.andlt.br/andgt.andlt.br/andgt.This award reflects NSF's statutory mission and has been deemed worthy of support through evaluation using the Foundation's intellectual merit and broader impacts review criteria.",National Science Foundation,NSF|abstract|noise,"Social Science, Public Policy & Education Research"
1763456,Collaborative Research: HCC: Small: Graph-Centric Exploration of Nonlinear Neural Dynamics in Visuospatial-Motor Functions during Immersive Human-Computer Interactions,"The proposed project aims to understand how aging affects people's ability to use emerging technologies for human-computer interaction, such as virtual reality (VR). As people age, their visual, spatial, and motor control abilities decline. this decline in visuospatial-motor (VSM) functions likely affects how well they can use VR and related technologies that involve immersive 3D environments. This decline could in turn reduce older adults' ability to reap the educational, social, health, and general well-being benefits that VR and related technologies can provide. The goal of this project is to link neuroscientific measures of brain activity with the use of VR-based 3D environments, building models that relate VSM abilities to the successful use of features of VR designs. These models will advance scientific understanding of brain function in virtual spaces and are intended to guide the design of future VR interfaces so that they are better able to adapt to variations in VSM ability associated with aging. The project will also support education and diversity by involving a multidisciplinary team from neuroscience, engineering, and computer science. The insights gained could inform the design of more accessible and inclusive HCI systems, benefiting a broader range of users across various demographics.andlt.br/andgt.andlt.br/andgt.The project proposes an Immersive Multimodal HCI (Immersive mHCI) framework to explore the underlying neural dynamics that connect age-related changes in visuospatial-motor (VSM) functions to the digital competence required for adapting to immersive 3D HCI environments. The research is structured around three key thrusts: Thrust 1 involves the design of a novel dual visuospatial-motor virtual reality-based interface (VSM-VRI) as an immersive 3D task environment. This interface will facilitate the multimodal characterization of the complex nonlinear dynamics underlying visuospatial and motor interactions, providing a realistic and challenging context for studying VSM functions. Thrust 2 focuses on developing novel nonlinear pattern recognition techniques and a graph-based learning framework. These tools will characterize and fuse the nonlinear dynamics of VSM neural interrelations as reflected in electrical and vascular-hemodynamic neural activities captured when experimental participants use the proposed 3D task environment. The goal is to create a comprehensive model that captures the intricate spatiotemporal neural patterns associated with VSM functions. Thrust 3 aims to develop and test statistical methods to evaluate the proposed VSM-VRI and graph-based computational frameworks. These methods will predict age-related VSM functionality changes and their effect on adaptation to emerging 3D HCI environments, compared to traditional 2D screen-based interactions. The project's outcomes will enhance understanding of VSM functions and inform the design of adaptive, inclusive HCI systems that cater to diverse user needs.andlt.br/andgt.andlt.br/andgt.This award reflects NSF's statutory mission and has been deemed worthy of support through evaluation using the Foundation's intellectual merit and broader impacts review criteria.",National Science Foundation,NSF|abstract|assigned,Biomedical Sciences
1764713,The path to the parous brain: allopregnanolone-mediated mechanisms at GABAA receptors.,"Project Summary
By age 49, nearly 85% of women in the US will have given birth at least once. The pregnancy and postpartum
periods are marked by extreme hormonal fluctuations that can induce long-lasting changes in the brain, but
mechanistic insight into how the unique hormonal milieu that characterizes pregnancy produces stable
alterations in neural activity and behavior is lacking. The medial prefrontal cortex (mPFC)—a brain region critical
to higher-order processes like executive function, emotion regulation, and decision-making—has been especially
under-studied in parous animals, despite reports of alterations in these functions in parous women. Our lab has
collected intriguing preliminary data in rats suggesting that during late pregnancy, neural activity in the mPFC is
markedly suppressed compared to that of nulliparous (NP) animals. After weaning, however, we found that
mPFC activity swings well past that of NP, suggesting that the brain undergoes an over-compensatory rebound
from the pregnancy after parturition. The main goal of this proposal is to investigate the specific role that the
hormone allopregnanolone (AP)—whose levels are notably high during late pregnancy—plays in producing this
effect. AP acts as a positive allosteric modulator at the GABAA receptor, making it a potential driver of the neural
inhibition we observe in late pregnancy. Here we will test the hypothesis that allopregnanolone-mediated
GABA signaling is both necessary and sufficient for producing the long-term alterations in mPFC
function observed in primiparous animals. The Aims that comprise this proposal integrate pharmacological,
chemogenetic, and CRISPR/Cas9-based manipulations to either block or mimic AP-related processes during
late pregnancy. We will then use fiber photometry to measure mPFC activity during recall of conditioned fear
(which relies on optimal mPFC function) at post-weaning timepoints. Together, these experiments are able to
establish a causal, mechanistic link between the pregnant and primiparous brain.",National Institutes of Health,NIH|abstract|assigned,Biomedical Sciences
1776746,Colloidal crystals via transport-informed processes and neural networks,,Army Research Office,ARO|title_only|assigned,Biomedical Sciences
1778141,Tip-Enhanced and Co-Localized AFM-Raman Spectroscopy to Unveil Localized-Plasmon Promoted Direct-Charge Transfers across Nano-electrochemical Interfaces,,Army Research Office,ARO|title_only|assigned,unassigned
1784807,SaTC: CORE: Small: HOLMES: Holistic and Hardware-assisted Control-Flow Security for Microcontroller Systems,"Microcontrollers (MCU) are tiny computers found in everything from medical devices and home appliances to cars and factory equipment. As these systems become more connected to the internet and each other, they also become more vulnerable to cyber threats. Unfortunately, most existing security protections were designed for more advanced computers and do not work well on these smaller, more limited devices. This project will develop new, practical solutions to protect MCU-based systems from cyberattacks, helping ensure that the technology we increasingly rely on remains trustworthy. These advances will support national priorities in healthcare, energy, transportation, and public safety. To broaden impact, the project will create new educational resources, including hands-on training platforms and classroom materials, to make cybersecurity more approachable for students. The PIs will share learning content publicly and mentor undergraduate, graduate, and high school students through cybersecurity competitions and outreach activities. Together, these efforts will expand participation in STEM fields.    The project will realize its research goal by leveraging novel MCU-specific hardware functionalities (hence, hardware-assisted) for memory management, tracing, and cryptographic signatures. If successful, the project will represent a significant advancement in algorithm, mechanism, and system design for safeguarding the control-flow of MCU systems. Specifically, the project initiates by delving into the realm of cross-state control-flow hijacking, seeking to both comprehend and counteract this phenomenon to secure control-flow from TEE to rich execution environment. Then, the project leverages the capabilities of the secured TEE and hardware tracing units to develop comprehensive control-flow violation detection mechanisms on the entire MCU software. Finally, the project capitalizes on the secured TEE and the pointer authentication hardware functionality to devise a space-efficient algorithm to attest the control-flow integrity of a significant portion of the MCU software.    This award reflects NSF's statutory mission and has been deemed worthy of support through evaluation using the Foundation's intellectual merit and broader impacts review criteria.",National Science Foundation,NSF|abstract|assigned,"Computing, Networking & Robotic Systems"
1785199,Collaborative Research: NeTS: Medium: Resilient Multi-User Mobile sub-THz Networks using Near-Field Wavefronts,"The exploration of Terahertz (THz) communications (above 100 GHz) is promising for achieving ultra-high data rates and bandwidth in next-generation wireless networks. The combination of large transmitting arrays and smaller wavelength in THz communications introduces new challenges where the near-field range of a transmitter can extend to several meters. A wireless base station or access point may serve multiple near-field and far-field users. This project investigates the impacts of near-field complexities and the interplay between near- and far-field communications. It leverages near-field properties, such as the generation of curved beams for going around the obstruction or reconstructing the beams after interacting with an obstacle, to improve blockage resilience and system performance of THz wireless networks. This project also includes significant efforts to motivate participation in STEM, at all educational levels.    This project aims to explore near-field propagation properties of wireless signals to enable blockage-resilient high-speed multi-user wireless communications above 100 GHz. The proposed research comprises four thrusts, (1) understanding and modeling the fundamental limits of near-field wavefront shaping for realizing agile and high-speed communications in the scenarios with link blockage, (2) investigating the design and fabrication of a new programmable array architecture that can generate near-field wavefronts and dynamically adapt them according to the mobility and signal transmission blockage conditions, (3) designing and implementing digital signal processing algorithms to support 10s of GHz of bandwidth in a power-efficient manner, and (4) developing foundations for interference modeling and multi-user communications with the consideration of both near- and far-field regions. Through the physics of wave propagation, mathematical modeling, hardware design, and experimental demonstration, this project will lay out the foundation to bridge the theory of near-field electromagnetics with practical wireless networks.    This award reflects NSF's statutory mission and has been deemed worthy of support through evaluation using the Foundation's intellectual merit and broader impacts review criteria.",National Science Foundation,NSF|abstract|assigned,"Computing, Networking & Robotic Systems"
1785814,"Elements: Real-Time, Incremental, and Sustainable Sequence Search over SRA","The Sequence Read Archive (SRA) is a vast but underutilized repository of genomic and related data, containing the majority of publicly available sequencing experiments in raw, unassembled format. Scientists could leverage this resource to search for newly discovered genes across the entire collection of existing public experiments, enabling rapid functional characterization and enhanced biological insights that would otherwise require extensive individual dataset analysis. However, building a sustainable and scalable index over the SRA presents significant challenges due to its massive size, continuous daily growth, and diverse data types. This project addresses these issues by developing new indexing tools that will enable scientists to search the entire SRA in real time.  To further enable broad usage, the project provides a hosted, web-accessible version of the calculated indices.     This project develops a real-time, scalable sequence search index for SRA using innovative data structures, compression algorithms, and distributed indexing approaches designed for cost-effective deployment on commodity infrastructure. This project has three main thrusts. First, it extends the previously developed Mantis index to efficiently index abundance, positions and experiment metadata while maintaining the original performance and scalability. Second, it develops a dynamic and distributed version of Mantis to scale out and incrementally index newly deposited experiments and support real-time queries. Finally, it develops an easy-to-use Application Programming Interface (API) for both command-line and web usage to enable scientists to perform rapid and advanced biological analyses over SRA. This project seeks to (1) empower researchers to conduct large-scale analyses with flexible, easy-to-use tools. (2) improve biological analysis algorithms and tools to keep pace with the scale and growth of modern datasets. and (3) rapidly identify and quantify novel transcripts, genes, and viruses among raw sequencing datasets.    This award by the Office of Advanced Cyberinfrastructure is jointly supported by the Division of Biological Infrastructure in the Directorate of Biological Sciences.    This award reflects NSF's statutory mission and has been deemed worthy of support through evaluation using the Foundation's intellectual merit and broader impacts review criteria.",National Science Foundation,NSF|abstract|noise,"Computing, Networking & Robotic Systems"
1786469,SCC-LSR: From Technology to Humans: Protecting Users of Neural and Medical Implant Technologies Through Resilience and Safety Engineering,"This research will advance community priorities in the areas of safety, security, and human health and wellness pertaining to existing and future neural implant devices. The team includes computer scientists, electrical engineers, MDs, neuroscientists, neural implant community groups, and manufacturers. The partner community groups include patients and their supporting families and caregivers from whom the team will understand the personal impact of neural implant technologies. Expanding engagement with partnered companies who manufacture and medical doctors who use neural implants, the team will address these community challenges and collaboratively deliver a neural implant hardware/software co-design solution that empowers the use and facilitates the safe adoption of emerging neural implant technologies. The research techniques developed for chip security will have applicability to other security related chip-based devices. This project will advance the scientific and technical security and chip hardware design by modeling the operations from a secure and dependable control perspective and developing innovative defense mechanisms that can be applied to emerging smart healthcare devices. Finally, by adding low-resource chip design, the team will advance manufacturing techniques for chip-based devices adding additional security features without impact to overall performance or lifetime.    Researchers have demonstrated the impact of GÇ£brain-jackingGÇ¥ in mouse models but have not provided solutions. This teamGÇÖs multipronged project resolves these challenges by leveraging expertise in computer security, sensing, microelectronic design, and strong affiliations with clinical settings. The approaches include the design of (1) verifiably resilient control system and simulations and design upgrades that build upon models of neural sensing and stimulation and explainable AI techniques, (2) automated cybersecurity and resilience testbeds that host physical neural implant devices for fault-injection, side-channel information leakage, and remote connection security analysis, and (3) low-resource (i.e., computational time, power, footprint) intrusion detection with on-chip sensing to continuously monitor anomalies and deter adversarial manipulations. The team will improve the resilience and security of neural implants by protecting system hardware and AI-in-the-loop control software from malicious information injection, disruption in operation, and privacy leakage. A test bed will be developed to validate and test physical devices, see the results from modeling and microelectronic design changes, with real world data collected in lab and translated back to the model for updating and control of realistic interactions. Testing the insertion of malicious intent or unintended interference will allow the team to discern impact and identify potential design changes on the device hardware to prevent future incidents.    This award reflects NSF's statutory mission and has been deemed worthy of support through evaluation using the Foundation's intellectual merit and broader impacts review criteria.",National Science Foundation,NSF|abstract|noise,Public & Behavioral Health
1786825,Advancing Delivery through Digital Bottlebrush Polymers,"Technical Summary  This proposal aims to develop a platform for the rational design of polymer-based oligonucleotide delivery vehicles using digital bottlebrush architectures. The central innovation is the design of sequence-defined polymer backbones that allow precise tuning of physiochemical and biological properties. The systemGÇötermed pacDNAGÇöconsists of antisense oligonucleotides conjugated to the backbone of bottlebrush poly(ethylene glycol) (PEG). Earlier studies showed that slight variations in backbone composition (e.g., polynorbornene vs. polyphosphodiester) cause significant differences in biological behavior, despite accounting for less than 5% of total molecular weight. This observation motivated the 'backbonomics' approach: systematically modifying backbone structure to study and predict delivery efficiency, biodistribution, and immune evasion. The project has two main goals: (1) synthesize and characterize a library of ribose-based digital bottlebrush polymers with controlled hydrophobicity and charge, and (2) study their biodistribution, pharmacokinetics, immune response, and therapeutic efficacy in vitro and in vivo. Experimental results will be used to train machine learning (ML) models for predictive design. Preliminary studies demonstrate feasibility in synthesis, molecular simulation, and biological evaluation. Key advances include identifying spacing patterns of hydrophobic units that enhance cellular uptake and using pacDNA to suppress IL-17RA expression in a murine psoriasis model. Overall, the proposed research integrates synthetic chemistry, biomaterials science, molecular biology, and machine learning to expand oligonucleotide delivery capabilities.    Non-Technical Summary  This research aims to improve the way genetic medicines are delivered into the body. Many promising drugs made from DNA or RNA struggle to reach their targets inside our cells due to poor stability and limited absorption. The proposed project will develop new delivery vehicles made of polymersGÇölarge molecules that can be engineered to carry and protect these drugs. Specifically, the team will use a GÇÿbottlebrushGÇÖ design, where many protective chains are attached to a central backbone. By changing the chemical makeup and spacing of units along the backbone, we can fine-tune how these particles behave in the body. The project also uses machine learning to find patterns between structure and function, helping to predict what designs work best. The ultimate goal is to create a delivery platform that helps genetic medicines reach difficult tissues like skin and muscle more effectively and with fewer side effects. In addition to scientific innovation, the project includes educational outreach to high school and college students and course development to train the next generation of scientists in this field.    This award reflects NSF's statutory mission and has been deemed worthy of support through evaluation using the Foundation's intellectual merit and broader impacts review criteria.",National Science Foundation,NSF|abstract|assigned,Biomedical Sciences
1788419,CAREER: Improving Data Efficiency in Deep Learning with Relaxed Symmetry Constraints,"Artificial intelligence (AI) is rapidly transforming many areas of technology and day-to-day life, yet its success often depends on massive amounts of labeled data, something not readily available in scientific domains like robotics, materials science, and fluid dynamics due to cost and time constraints. This project addresses a critical challenge: how to make machine learning more efficient in real-world scientific and engineering settings where data is sparse or imperfect. The research program focuses on incorporating symmetry, an organizing principle in nature, into machine learning systems in a way that is flexible and adaptable to noisy, real-world data. This flexibility will make models more efficient and applicable across a range of real-world problems. The outcomes will benefit applications such as material discovery, robotics, and climate modeling, and include an online course, an interdisciplinary workshop aimed at creating partnerships across academia and industry and between AI researchers and domain experts, and outreach programs aimed at engaging local high school students in AI research.    This project will develop and study relaxed equivariant neural networks, models that learn from data while respecting approximate symmetry in physical systems through relaxed mathematical constraints. The research has four main thrusts. First, it will design new machine learning architectures that enforce symmetry constraints flexibly during training. Second, it will establish mathematical guarantees about the performance and stability of these models. Third, it will explore how relaxing symmetry constraints can make optimization more effective, improving the ability of neural networks to train even when the task is fully symmetric. Finally, the project will apply these methods to problems in robotics and materials science where real-world systems deviate from ideal symmetries. Together, these contributions will lead to a deeper understanding of how geometric structure can be used to make machine learning more efficient and applicable in scientific domains.    This award reflects NSF's statutory mission and has been deemed worthy of support through evaluation using the Foundation's intellectual merit and broader impacts review criteria.",National Science Foundation,NSF|abstract|noise,"Computing, Networking & Robotic Systems"
211511,T Cell Homeostasis in Autoimmune Diabetes,"DESCRIPTION (provided by applicant):  
Autoimmune diabetes in NOD mice is a paradigm of failed T cell tolerance to 'self' antigens. Dysregulated T cell negative selection, both at the thymic and peripheral levels, likely contributes to the accumulation of islet-reactive clones in NOD mice and T1D susceptible humans. Once these cells accumulate in the peripheral lymphoid milieu, the parameters governing the ontogeny of their differentiation into diabetogenic effectors remain poorly understood. Contrary to the popular notion that autoimmunity results from promiscuous lymphocyte activation, we recently characterized a profound deficiency in the progression of NOD T cell division upon activation. This aberrancy was not due to an intrinsic T cell defect but, rather, was imposed by a deficiency in APC mediated co-stimulation, characteristic of NOD mice. This APC aberrancy has two, paradoxically, opposing effects: 1) it limits the capacity for negative selection of autoreactive T cells allowing their retention by the immune system and 2) it tempers full activation of islet reactive T cells to a diabetogenic state, at least temporarily. Thus, the pre-diabetic NOD immune system exists in a tenuous state where autoreactive T cells stand poised and can become fully activated upon receipt of an optimal strength stimulus from the APC compartment. In the present application, we will determine the impact of changes in peripheral T cell homeostasis upon the potency of activation stimuli provided by the NOD APC compartment. Our overarching hypothesis is that the senescing thymus imposes changes in peripheral T cell homeostasis, which tip the balance in favor of diabetogenic effector T cells differentiating from their precursors in NOD mice. A detailed understanding of the parameters governing conversion of a quiescent repertoire of islet-reactive CD4 T cells to a destructive state will allow the eventual design of effective immune-intervention strategies for diabetes prevention.",National Institutes of Health,NIH|abstract|noise,Biomedical Sciences
275873,Study of Ras-Mediated Apoptosis,"DESCRIPTION (provided by applicant): One attractive paradigm of anticancer strategies is to target oncogenes for sensitization of tumor cells to apoptosis. The rationale is that onco-proteins rely on other factors to maintain homeostasis or promote cancer cell survival. Disruption of one of coordinating proteins would trigger an apoptotic crisis in cancer cells. Oncogenic Ras has been discovered in about 30-40% of human cancers. However, inhibitors targeting mutated Ras have proved not to be effective clinically. Recently, the focus has been on finding signaling pathways that are downstream of or parallel with Ras, and are essential for cancer cells to survive. In the effort to identify the apoptotic partners of mutated Ras, studies showed that loss of PKC, together with mutated Ras, are synthetically lethal in many types of tumors. Recently, we made the novel observation that loss of different PKC isoforms differentially sensitized cells expressing mutated ras to apoptosis. In particular, we identified that co-suppression of PKC ?/ß were critical for the induction of apoptosis in cancer cells harboring mutated ras, in which PI3K/Akt function downstream of Ras to mobilized two signaling pathways: one was via upregulating ROS and ER stress-mediated UPR for switching on the apoptotic machinery. and another one was through activating PKC?, resulting in p73 phosphorylation and PUMA/NOXA upregulation. In this renewal application, we will investigate the molecular mechanisms of our novel observation of how Ras, upon loss of  PKC ?/ß, differentially utilizes its downstream effector pathways to selectively sensitize tumor cells to apoptosis, with less or no toxicity to normal cells or surrounding tissues. We will determine how ROS and PKC?/p73 pathways are being redirected by aberrant Ras/PI3K/Akt to activate cell death program after co-suppression of PKC ?/ß. Thus, the hypothesis to be tested is that upon co-knockdown of PKC ?/ß, PI3K/Akt are key players in the induction of Ras-mediated apoptosis, which is via perturbing redox homeostasis as well as through activating PKC?/p73-mediated apoptotic network. Accordingly, 4 Specific Aims are formed. Aim 1 will study the mechanisms by which ROS is upregulated in cells expressing aberrant ras or PI3K/Akt upon co- suppression of PKC ?/ß. Aim 2 will determine the mechanisms by which ROS induces ER-stress/UPR activation in cells expressing aberrant ras or PI3K/Akt upon co-suppression of PKC ?/ß. In Aim 3, we will determine the role of p73 in the sensitization of cells expressing aberrant ras or PI3K/Akt to apoptosis after co- knockdown of PKC ?/ß. In Aim 4, we will determine the pro-apoptotic effect in cells expressing aberrant ras or PI3K/Akt in vitro and in vivo after co-suppression of  PKC ?/ß. The outcomes of our research will reveal molecules involved in this synthetic lethal interaction between Ras mutations and loss of PKC ?/ß, which will provide the potential information for designing more effective drugs to treat human cancers harboring aberrant ras or PI3K/Akt.",National Institutes of Health,NIH|abstract|noise,Biomedical Sciences
278357,Mechanisms of Aryl-Hydrocarbon-Induced Ovotoxicity,"DESCRIPTION (provided by applicant): Polycyclic aromatic hydrocarbons (PAH) are      released into the environment by fossil fuel combustion. Another primary route       of human exposure to PAH is cigarette smoke. Evidence that PAH cause premature       ovarian failure has been provided by both epidemiological and animal studies.        However, the mechanisms by which PAH damage the ovary have remained obscure for      decades. These chemicals are particularly intriguing as there exists an              intracellular binding protein for PAN termed the aryl hydrocarbon receptor           (AHR). The AHR is a basic helix-loop-helix transcription factor that regulates       gene expression following ligand interaction and nuclear translocation. During       the previous funding cycle of this grant, the P1 completed experiments to            validate the central hypothesis that PAN-mediated activation of the AHR in           oocytes induces apoptosis by increasing expression of the gene encoding Bax, a       pro-apoptotic member of the bcl-2 gene family. However, several new questions        arose during these studies. First, does the AHR function to set the \""apoptosis       susceptibility\"" of female germ cells by transcriptional regulation of cell           death regulatory genes in addition to bax? Second, is the inability of dioxin,       a known AHR ligand, to damage the ovary related to differences in AHR response       element (AHRE) flanking sequences in \""target\"" cell death regulatory genes            (e.g., bax) that convey specificity for PAH-AHR versus dioxin-AHR interactions?      Third, does the induction of bax gene expression in oocytes require an               AHR-interacting protein(s) that permits AHR-bax gene promoter interaction?           Based on preliminary data presented herein, the PT has hypothesized that             PAH-AHR. but not dioxin-AHR, interaction transcriptionally sets the cell death       susceptibility \""rheostat\"" in female germ cells to favor apoptosis. This is           accomplished via a coactivator(s) expressed in oocytes that facilitates              functional interaction between the PAN-activated AHR and cell death regulatory       gene promoters possessing AHRE. To test this hypothesis, the following Specific      Aims are proposed for continuation of these studies: 1) to determine if              expression of the pro-apoptotic bak gene is increased in oocytes exposed to          PAN, if PAN-AHR interaction is required for increased transcriptional activity       of the bak gene, and if expression of the endogenous bak gene is required for        the ovotoxic effects of PAN. 2) to examine if the expression patterns of a           number of key apoptosis regulatory genes, known to be expressed in oocytes, are      altered by AHR deficiency and/or by PAH-driven AHR activation. 3) to produce a       gene expression profile for AHR initiated cell death signaling in oocytes using      a microscale gene array technology recently developed for small biological           samples. 4) to delineate the role of nucleotide sequences flanking the \""core\""        five-nucleotide AHRE in the bax gene promoter in specifying responses to the         AHR activated by PAN versus dioxin. and, 5) to identify AHR-interacting              proteins in oocytes, using matrix-assisted laser desorption and                      ionization/time-of-flight mass spectrometry (MALDI/TOF-MS), that may be              involved in specifying cell lineage-selective induction of bax gene                  transcription by the PAN-activated AHR.",National Institutes of Health,NIH|abstract|noise,Biomedical Sciences
290045,Chiari Malformation: State of the Research & New Directions,"DESCRIPTION (provided by applicant): Chiari Malformation: State of the Research & New Directions is a two day professional conference to be held November 6th & 7th, 2008 in Chicago, Illinois. The event will bring together the top physicians and researchers in the field to establish the current state of knowledge regarding Chiari malformation, discuss recent developments in Chiari research, and develop research recommendations to advance the state of knowledge and care for Chiari malformation. To achieve these objectives, the conference will be comprised of several sessions, including review presentations and breakout working group sessions on: Definition & Pathophysiology, Symptoms & Diagnostic Criteria, Engineering & Imaging Techniques for Diagnosis and Research, Treatment, Pediatric Issues, and Related Conditions. The proceedings of the conference will be published in a peer-reviewed medical journal and made available through a web based video archive. The conference activities and the dissemination of the results will have a significant, positive impact on the experiences and outcomes of the estimated 300,000 Chiari patients in the US and their families.  PUBLIC HEALTH RELEVANCE:  Chiari malformation is a serious neurological disorder affecting upwards of 300,000 people in the US9. Because of confusion surrounding the definition, underlying cause, diagnosis, and treatment of Chiari, the patient experience is dominated by frustration, confusion, and unnecessary delays in treatment, and successful outcomes are unduly limited. A research conference designed to assess the current state of knowledge and develop specific research recommendations will have a positive effect on patient experiences and outcomes.",National Institutes of Health,NIH|abstract|noise,Public & Behavioral Health
297770,Gradient Coils to Enhance MRI Research in Mental Health,"[unreadable] DESCRIPTION (provided by applicant):   [unreadable] In Phase I of this STTR it was shown that it is technically feasible to substitute a planar gradient coil design for the conventional cylindrical coil design to provide greater working space inside magnetic resonance scanners. The planar gradient coil design increases the research potential of hundreds of small-bore ultra-high field scanners to include a variety of large animals. To expand the application of this system and expedite its commercialization potential the first year of Phase II product develop will focus on: (1) the design and integration of three gradient coils into a planar configuration, (2) incorporation of this design into small animal restrainers already fitted with radiofrequency electronics, and (3) start of a commercialization plan for production, marketing and sales of this new technology. Developing a planar gradient coil design integrated into a dual coil animal restrainer for preclinical MRI will impact on two major areas of interest to the National Institute of Mental Health: (1) improving drug discovery and drug evaluation in the treatment of mental illness, and (2) noninvasive imaging of brain structure, activity and chemistry over the life span of an animal. An essential piece of any drug discovery and development program for psychiatric disorders is evaluating brain activity and behavior in multiple animal models, particularly non-human primates. The products developed in this proposal will allow researchers to perform functional imaging/drug/development studies with enhanced signal-to- noise. The final product design will provide enhanced flexibility and usability, making it possible for the lay scientist to perform imaging on a range of research animals over a wide range of magnet field strengths and bore sizes.      [unreadable] [unreadable]",National Institutes of Health,NIH|abstract|noise,Public & Behavioral Health
316566,"Workshop:  Touting the Successes of Environmentally Benign Design and Manufacture: A Symposium; Arlington, Virginia","A one day symposium to convey the successes of integrated approaches to addressing issues in environmentally benign design and manufacture (EBDM) is proposed for June 27, 2006, in Arlington, Virginia, at the National Science Foundation.  Systems thinking is not only relevant for determining particular solutions to problems, but also for developing research and achieving systems operation that reflects fully integrated concepts. Several manufacturing industry sectors will be represented by individuals with expertise in each field, where these concepts have shown success. Plenary speakers from these sectors will bring expertise in policy, economics and competitiveness, and can address the impacts of EBDM success on the US workplace and workforce. Panel discussions with these experts will expose best practices, limitations, road blocks and areas for future work in EBDM. The structure of the day will include talks and panels from plenary speakers and posters from twenty current Design and Manufacturing Innovation (DMI) grantees. 

The primary goal of the symposium is to discuss the successes in EBDM, particularly, the research and development that leads to transfer and adoption of new technologies or management strategies. The speakers and panels will be arranged thematically, and include representatives from industry and academia. The speakers expertise ranges from science and engineering to policy, but all speakers will present an interdisciplinary spectrum of ideas. A Poster Session will be held during the morning and afternoon breaks, as well as during a short reception at the end of the day. Panel discussions are expected to provide intellectually stimulating question and answer sessions for an audience of industry representatives, university faculty, and NSF staff as well as staff from other government agencies and Congress.",National Science Foundation,NSF|abstract|noise,"Workforce Development & Institutional Partnerships"
319213,CAREER:     Efficient Network Design and Routing Algorithms for Logistics and Communications Networks,"The primary goal of this Faculty Early Career Development (CAREER) Program research project is to develop state-of-the-art fast solution methodologies that generate high quality solutions for complex problems in designing and managing logistics and communications networks.  Real-world communications and logistics problems are large-scale, time sensitive, and coupled with side constraints that further contribute to the hardness of underlying mathematical structures.  The specific tasks that will be undertaken for achieving the goal of this project include:  understanding the applications in detail, analyzing the underlying mathematical structures, and evaluating the various solution approaches through computational testing. A logistics network rarely functions as planned due to external factors such as unscheduled delays or dynamically changing customer demand. The main thrust of the proposal is a study on techniques for augmenting a given solution in order to incorporate a disruption to a large-scale system. In the literature, these types of problems are usually solved by extracting a subset of the problem through preprocessing and then re-solving this smaller problem. This research, proposes to develop techniques that consider a large part of the problem by designing auxiliary networks together with fast augmentation algorithms that find near optimal solutions in almost real-time. Also, two important network design and routing problems related to: (i) identifying synergies in a collaborative logistics network, and (ii) routing multiple packets on partially disjoint paths over a communications network, will be studied as collaborative research projects.  andlt.br/andgt.andlt.br/andgt.With the advancement of globalization and new technologies in telecommunications, not only does the importance of solving network problems keep growing but also this task is becoming harder to accomplish efficiently.  For example, global trade has created logistics networks that span several continents, and the possibility of real-time multi-media communications introduced network problems that need to be solved in less than a second. To face this challenge, it is necessary to employ fast approximation (heuristic) algorithms that try to find good solutions rather than identify an optimal one. This research plan proposes (i) to study fast heuristic techniques for generating close to optimal solutions for large-scale and time-sensitive logistics and communications network applications that are implementable in practice and (ii) to further the theoretical understanding of problems arising from these applications.",National Science Foundation,NSF|abstract|noise,"Computing, Networking & Robotic Systems"
330286,CAREER: Innovative Soil Remediation Methodologies - CAREER Development,"This action is taken within the NSF Faculty Early Career Development (CAREER) Program NSF 00-89, to support a research/education career plan in geoenvironmental engineering, with emphasis on innovative soil remediation.  The research component investigates the use of electroosmosis for transport of oxygen (produced by electrolysis) into fine-grained soils in order to stimulate in situ bioremediation of trapped organic contaminants.  The educational component integrates the technical tasks of the project into the broader aspects of teaching in geoenvironmental engineering so as to reach students at different levels.andlt.br/andgt.andlt.br/andgt.Oxygen delivery is generally the limiting factor for in situ bioremediation due to low soil permeabilities and preferential flow paths.  The use of electric currents is being investigated to overcome oxygen injection problems.  Application of a direct current (dc) results in controlled oxygen production by water electrolysis at the anode.  Electroosmotic flow then delivers oxygenated water into contaminated silt and clay layers to stimulate bioremediation of trapped organic contaminants.  This process is complex and involves as-yet-undetermined hydrogeological, electrochemical and biogeochemical interactions, such as microbial behavior under electric fields.  The research focuses on (a) rates of oxygen production and transport in fine-grained soils by dc electric fields, (b) impact of electric fields on microbial growth and transport in porous media, (c) stimulating in situ degradation of organic contaminants in fine-grained soils by electrochemical production/transport of oxygen, and (d) enhancing degradation in heterogeneous soils.andlt.br/andgt.andlt.br/andgt.The goal of the education component is to incorporate the findings of this project in a new undergraduate geoenvironmental engineering course being developed by the Principal Investigator.  Undergraduate students will participate in the research through the Northeastern University Cooperative (Co-op) education program.  The PI will also reach out to high school students by developing an educational CD-ROM that will (a) demonstrate the link between the basic sciences and engineering applications (geotechnical and environmental engineering in particular) and (b) attempt to promote civil and environmental engineering as exciting fields of study and practice.  The PI will also partner with CONNECTIONS, a NSF funded project that is designed to help women transition into careers in science, engineering, and math (SEM).  The PI will provide opportunities for high school girls, girl scouts and undergraduate women, sponsored by CONNECTIONS, to learn about geotechnical and environmental engineering, evaluate the educational CD-ROM, and participate in the research and educational tasks of this project.  Graduate students will participate in the research and gain an excellent experience in cutting-edge, practice-oriented geoenvironmental research.  A final goal is to further the PI's development as an educator by adopting innovative teaching and assessment techniques.  A WEB site will be developed and continuously updated to present the research and educational components of this project.andlt.br/andgt.",National Science Foundation,NSF|abstract|assigned,Environmental Science & Ecology
334348,US-Norway Cooperative Research:  Soil Sample Disturbance Assessment,"0305526andlt.br/andgt.Sheahanandlt.br/andgt.This award supports the PI and  graduate students from the Northwestern University in a collaboration with Tom Lunne of the Offshore Geotechnical Engineering Division of the Norwegian Geotechnical Institute in Oslo, Norway.  The collaboration will advance the state of the art in how soft soils are sampled, the degree of sample disturbance is measured, and effects of disturbance on measured behavior are evaluated.  The research program will also bring the state of US sampling practice in this area from one that has remained essentially constant for the past 50 years to one that is at the forefront of present capabilities.  A great part of the uncertainty in geotechnical design and research comes from sample disturbance and current methods of sampling and testing cause a wide range of sample disturbance that affects material behavior.  The US-Norway collaboration gives the US group access to the premier geotechnical research  institute in the world, and can only add to the success of the domestic research.andlt.br/andgt.andlt.br/andgt.The project also fulfills a training objective.  The international project will allow graduate students involved to benefit from performing research in another country.  They will develop a heightened appreciation of the world around them while also learning important new technical skills.andlt.br/andgt.",National Science Foundation,NSF|abstract|assigned,Materials Science & Structural/Civil Engineering
339361,Experimental Particle Physics,"This proposal requests continuing support for the particle physics group at Northeastern University covering a comprehensive three-year program of studies of the top quark and electroweak physics at the D0 experiment at the Fermilab Tevatron and preparation plans for the turn-on of the CMS detector at the Large Hadron Collider (LHC) at CERN, near Geneva, Switzerland.  Experimental particle physics at the energy frontier has taken on a new importance in light of recent cosmological and astrophysical data.  It is an exciting time to pursue this forefront research.  The proposal describes the proposed activities in the following two areas: (1) Electroweak (EW) and top-quark physics in D0.  This activity also includes the group's hardware and software responsibilities in the collaboration. (2) Construction and preparation for physics in CMS.  The group's goal on CMS is to carry out a wide range of research studies, with an emphasis on electroweak physics and searches for new phenomena.
The group is active in a broad range of outreach and education initiatives.  These activities are connected to their core research program by involving students in the research at CERN and Fermilab.",National Science Foundation,NSF|abstract|assigned,Mathematics & Fundamental Physics
340192,Materials World Network: Self-Assembled Nanocomposite Magnetoelectric Thin Films,"This Materials World Network (MWN) project is a combined effort to develop novel low-temperature wet-chemical processing methods for self-assembled magnetoelectric (ME) nanocomposite films having strong ME coupling. The magnetoelectric effect is defined as the variation of dielectric polarization under an applied magnetic field, or the presence of an induced magnetization under an external electric field. The ME effect and materials are rich in both fundamental sciences and potential applications such as electrically tunable magnetic microwave devices, ultra-sensitive magnetic field sensors, solid state transformers, etc. Compared to single phase ME materials, magnetoelectric composite materials with ferroelectric and ferrimagnetic/ ferromagnetic phases have the advantages of much stronger ME coupling and the capability of independent tuning of the properties of the ferroelectric phase and the ferromagnetic/ferrimagnetic phase. ME films are essential for applications in CMOS/BICMOS, or monolithic microwave integrated circuits (MMIC) technologies. However, most of the available methods for synthesizing ME composites are for bulk materials, and cannot be readily extended to thin films. Magnetoelectric coupling is typically weak in multilayered ME composite films, whereas in nanocomposite films having 3-dimensional coupled microstructures the ME coupling is much stronger. Up until now, there has been limited published work on ME nanocomposite films. This collaborative effort between the ferroelectric materials group in the National Laboratory of Solid State Microstructures at Nanjing University, China, and the groups in Center for Microwave Magnetic Materials and Integrated Circuits at Northeastern University constitutes a strong, synergistic pairing of strength on ME composite materials. The Nanjing group will develop a sol-gel wet chemical process for 3-D coupled ME nanocomposite films. while the Northeastern groups will develop a low-temperature spin-spray wet chemical process for 3-D coupled ME nanocomposite films. The Nanjing group will focus on the characterization of the ME effects at DC and sub-MHz frequencies. while the Northeastern groups will focus on the ME coupling at RF/microwave frequencies. In addition, the Northeastern groups will characterize the composites at different length scales with different techniques. Together the Nanjing group and the Northeastern groups will establish the understanding on the processing- structure-property relationship in wet-chemical synthesized ME nanocomposite films. The proposed collaboration between the National Laboratory of Solid State Microstructures and the Center for Microwave Magnetic Materials and Integrated Circuits will lead to great opportunities for utilizing ME films in CMOS/BICMOS, and MMIC technologies, as well as novel devices and functionalities not yet considered. At the same time, this MWN proposal will enable active participation of students and junior researchers in international research experiences. 
This award is co-funded by the East Asia-Pacific Program of the Office of International Science and Engineering.",National Science Foundation,NSF|abstract|assigned,Materials Science & Structural/Civil Engineering
342389,Presence and Augmented Reality,"For more than a decade, \""presence\"" has been a key concept for understanding and evaluating the effectiveness of virtual reality (VR) environments.  VR researchers have used this term to describe the mental state of the user in response to being immersed in a virtual world, and typically equate presence with a sense of \""being in the virtual world\"" or \""a lack of a sense of mediation.\""  Can presence be achieved for augmented reality (AR) systems as well, so that the user loses the sense of mediation and begins to respond to being immersed in a blended physical/virtual experience as if it were a single \""world?\""  The goal of this research is to experimentally evaluate the impact of a range of technical and environmental factors on the quality of AR, so as to replace the beliefs developers wishing to create AR experiences now subscribe to with scientifically-supported guidelines or \""rules of thumb\"" for best practices.  To these ends, the PI and his team will explore immersion factors including graphics frame rate and texture quality, registration errors between the physical and virtual worlds, incorrect occlusion of the physical world by the virtual world, and conceptual consistency between the physical and virtual worlds.  The research methods will be based on those used by researchers exploring presence in virtual reality (VR). one significant contribution of this work will be the adaptation and evaluation of the methods themselves to AR.  The PI will build on the UNC VR \""Pit\"" experiment, which leveraged a strong physiological reaction (fear of heights) to measure of presence, to develop an AR \""Pit\"" experiment that generates similar physiological reactions, and will use it to evaluate the impact of the various immersion factors on the quality of an AR experience.   Based on these findings, the PI will develop an AR presence questionnaire, which will then be applied to evaluate more realistic environments such as historic sites.

Broader Impacts:  By defining a framework for evaluating AR experiences, the PI will enable AR developers to compare their work using a shared set of tools and vocabulary.  Similarly, guidelines for the immersion factors that affect AR experiences will enable non-AR researchers (such as artists and educators) to more effectively explore the medium of AR with an understanding of what they should and should not pay attention to when defining the requirements of new media-rich location-based experiences.  The PI envisages that AR will become a powerful tool for informal education and entertainment applications, e.g., in historic areas, where well-designed AR environments have the potential to enhance the educational and emotional experience of a wide demographic of visitors, ranging from inner-city school children to international tourists. The evaluation techniques and development guidelines that will result from this research are critical to the success of such projects.",National Science Foundation,NSF|abstract|noise,"Computing, Networking & Robotic Systems"
348032,MRI: Development of a Pulsed High Frequency Quasioptical Electron Spin Resonance Spectrometer,"This is an award for developing a pulsed high-field quasioptical Electron Spin Resonance (ESR) spectrometer for research, education, and training in biotechnology and nanomaterials. Five faculty will use the instrument to carry out research in several areas as follows: Electrostatic mapping of proteins by high-field spin labeling. Characterization of novel materials for spintronic devices. Measurements of interfacial interactions in nanocomposite fuel cell and catalytic membranes. Characterization of protein-based nanodevices. The extension to pulsed methodology will provide important capabilities that will lead to new applications in biotechnology and materials science. These include (1) detailed characterization of spin-spin distances and distance distributions on the molecular scale using double electron-electron resonance (DEER) spectroscopy, (2) the ability to measure the microscopic local electric field at a label introduced into a protein or nanostructure using the linear electric field effect (LEFE), (3) high resolution of detailed dynamic behavior in macromolecules and nanostructures via spin relaxation measurements. The instrument will be operated as a continuation of the existing continuous-wave high-field ESR facility at the university. This award will implement a training program for the rapidly growing research area of high-field ESR. Internships will be available for students to increase the breadth of their training in new high-field ESR methods. The university has a co-op education program, and qualified undergrads will do their co-op semester in the ESR facility. The university has many outreach programs for underrepresented groups, including students in the inner city area.",National Science Foundation,NSF|abstract|noise,Materials Science & Structural/Civil Engineering
356838,CT-ISG: Secure Localization: An Education and Research Joint Approach,"To motivate undergraduate students for interdisciplinary research at the intersection of communication, cryptography, wireless networking, and embedded systems, we introduced a course called Secure Wireless Robots on Mission (SWARM).  SWARM is laboratory-focused with the goal of designing, and building rescue-mission oriented heterogeneous wireless systems, operating in adversarial environments.  It integrates a team-based competition as a pedagogical tool to motivate and challenge the students.  It uses state of the art technologies such as multi-hop sensor networks, cell phones programming, Bluetooth communication, and basic robotics.  Teams are allowed to use any denial of service attack (e.g., jamming, replaying).  We propose to expand SWARM into a sequence of two courses SWARM I, and SWARM II and open it to both CS/EE undergraduate and graduate students. The students will be required to form mixed teams. SWARM I will deal with building the hardware platform for the embedded wireless communication and robot control, and the software libraries for secure communication and control. SWARM II will focus on developing a multi-hop control and communication system with robustness against adversarial attacks. We aim at extending the SWARM pedagogical approach, to attract and to prepare a future workforce in cyber security by providing them a controlled environment to explore and to test new research results.  We intend to transfer our research results and technologies to the classrooms, to stimulate students? interest, and to obtain feedback from classroom activities.  We will also develop materials such as hardware prototypes and software libraries to be shared with the education community.",National Science Foundation,NSF|abstract|noise,"Computing, Networking & Robotic Systems"
359887,Mining the Figures and Text of the Biological Literature,"Northeastern University is awarded a grant to develop a system that analyzes figures in biological literature. The Biological Knowledge available online goes well beyond the data that is currently collected to populate databases. Much of the critical knowledge contained in the figures and text of published papers deals with complex biological systems such as cells and organisms and with aspects of experiments and results such as methods, observations, judgments, explanations, etc. Approximately 50% of the content of a typical Biology research paper is comprised of figures and discussions of figure content. The system developed first analyzes the figures and the text to build indexes of their content and figure-text interrelations. Visually based interactive systems for users are built that allow them to drill-down to specific information in individual papers, starting with high-level exemplars. The project uses 10,000 or more papers from the Open Access publisher, BioMed Central. This allows all the resulting knowledge bases and systems to be freely distributed, unimpeded by copyright issues. The methods for doing this are extensions of the PI's successful Diagram Understanding System amended to use clustering and modern machine learning techniques such as boosting. The approach to text is equally novel. The text patterns are discovered by automated information-theory-based techniques combined with computational linguistics. The patterns are collected into a Framework Bank, much in the tradition of WordNet, FrameNet, the Proposition Bank, and the Gene Ontology. Users of the systems can range from students to researchers and may include the general public, with its growing interest in biomedical research results. The heavy involvement of undergraduate students in Computer Science and Biology, including women and minorities, will continue to inspire them about careers in research.",National Science Foundation,NSF|abstract|noise,Mathematics & Fundamental Physics
360485,Spectral Invarinats of Deformed Dirac Operators on Open G-Manifolds,"ABSTRACT: DMS 0204421.andlt.br/andgt.andlt.br/andgt.In this project we will continue to study the deformed equivariant Diracandlt.br/andgt.operators on open manifolds. We will use the nice spectral properties of theseandlt.br/andgt.operators to construct new invariants of manifolds. In particular, we introduceandlt.br/andgt.the regularized cohomology of equivariant holomorphic vector bundles over openandlt.br/andgt.Kaehler manifolds. One of the goals of the project is to extend the vanishingandlt.br/andgt.theorems and the semi-continuity theorem to non-compact setting. Theandlt.br/andgt.applications will include the non-compact versions of Witten's holomorphicandlt.br/andgt.Morse inequalities and of the formula for the cohomology of the Mumfordandlt.br/andgt.quotient, as well as new proofs of these results in the compact case. We alsoandlt.br/andgt.introduce an analogue of the Quillen metric on the determinant of theandlt.br/andgt.regularized cohomology and are planning to study this metric. This will shed aandlt.br/andgt.new light on the properties of the Quillen metric on compact manifolds. Inandlt.br/andgt.particular, in a joint project with A. Abanov we suggest a mathematicallyandlt.br/andgt.rigorous description of the non-linear sigma-model describing theandlt.br/andgt.superconductivity. Jointly with P.-E. Paradan we a planning to use the deformedandlt.br/andgt.Dirac operator in the study of discrete series representations of Lie groups.andlt.br/andgt.andlt.br/andgt.andlt.br/andgt.The elliptic operators on compact manifolds have very nice properties. In thisandlt.br/andgt.project we introduce a class of operators on non-compact manifolds with similarandlt.br/andgt.properties. The study of these operators not only leads to a generalization ofandlt.br/andgt.many theorems from compact manifolds to non-compact ones, but also provides newandlt.br/andgt.results and methods in the theory of compact manifolds. The applications ofandlt.br/andgt.these results and methods range from the mathematical theory ofandlt.br/andgt.superconductivity to representation theory and complex geometry.andlt.br/andgt.andlt.br/andgt.andlt.br/andgt.",National Science Foundation,NSF|abstract|assigned,Mathematics & Fundamental Physics
374357,IGERT: Intelligent Diagnostics for Aging Civil Infrastructure (ID-ACI),"This Integrative Graduate Education and Research Traineeship (IGERT) award supports the development of a multidisciplinary and multi-institutional graduate training program of education and research in Intelligent Diagnostics at Northeastern University and the University of Puerto Rico at Mayaguez with partnerships with more than a dozen industrial and government partners. A unifying framework for research and education in Intelligent Diagnostics emphasizes hands-on experience and the use of a suite of experimental TestBEDs for education and research. Experts in civil engineering, computer/signal processing and public policy educate trainees to address the national need for experts in intelligent diagnostics. Trainees participate in a unifying Boot Camp, research workshops, short courses, weekly round tables, and an Urban Studio with integration of policy. they benefit from industry and government partnerships throughout their training. The structured interdisciplinary education and training approach to early recognition and successful management of creeping damage associated with aging civil infrastructure systems will prepare graduates to address intelligent diagnostics in a wide range of physical systems. The goal for trainees is to learn how to systematically monitor the health of society's civil infrastructure, prescribe cost effective procedures for the remediation of problems, and prevent catastrophic collapse, all within the context of public policy. The program fosters disciplinary and cultural background diversity. Graduates will be diagnostic engineers whose training integrates advanced detection and diagnostics methods, understanding of physical systems and economic and management issues. IGERT is an NSF-wide program intended to meet the challenges of educating U.S. Ph.D. scientists and engineers with the interdisciplinary background, deep knowledge in a chosen discipline, and the technical, professional, and personal skills needed for the career demands of the future. The program is intended to catalyze a cultural change in graduate education by establishing innovative new models for graduate education and training in a fertile environment for collaborative research that transcends traditional disciplinary boundaries.",National Science Foundation,NSF|abstract|noise,"Workforce Development & Institutional Partnerships"
377346,Acquisition of a Quadrupole Time-of-Flight Mass Spectrometer,"With support from the Chemistry Research Instrumentation and Facilities: Multiuser Instrumentation (CRIF-MU) Program, the Department of Chemistry & Biochemistry at the University of Notre Dame will purchase a quadrupole time-of-flight mass spectrometer. This equipment will enhance research in a number of areas including 1) synthesis and characterization of clusters containing metals/semimetals in negative oxidation states. 2) supramolecular synthesis using s-bock metal ring and cage complexes 3) development of novel Group-2-organometallic reagents. 4) synthesis and biosynthesis of natural products as well as new reactions in organic synthesis. and 5) self-assembly of molecular probes for biomembranes.Mass spectrometry (MS) is a technique used to probe intimate structural details and to obtain the molecular compositions of a vast array of organic, bioorganic, and organometallic molecules.  It is one of the fastest growing and most widely used analytical instrumentation techniques. Because of this, it is important for undergraduate and graduate students to be exposed to the technique.  Graduate students and undergraduate students will undergo training to use this instrument for hands-on operation in accordance with the open-access policy of the department's mass spectrometry facility, where this instrument will be housed.",National Science Foundation,NSF|abstract|noise,Mathematics & Fundamental Physics
384837,DHB Collaborative Research:  Dynamics of Initial Trust and Cooperation:  The Role of Embodied Emotion Cues,"This project investigates a question fundamental to social and economic interactions: Can individuals accurately assess the trustworthiness of unfamiliar others and, if so, through what mechanisms? Decisions to trust constitute a necessary element for the development of stable partnerships and societies. Yet, in the face of the many benefits that come with delayed exchanges, the decision to trust another is often a precarious one.  The individual who first extends effort or provides resources is necessarily in the unenviable position of risking that the other will not reciprocate.  Consequently, adaptive functioning relies not only on trusting others, but also on the ability to decide if one's partner is worthy of trust. Interestingly, however, previous efforts designed to uncover the signals of trustworthiness have been relatively unsuccessful.  Building off initial research by members of the project team which demonstrates that trustworthiness of new partners can be discerned at greater than chance levels, the current project explores a novel route by which  individuals may assesses the intentions of potential partners.  Rather than looking for specific cues to trustworthiness in isolation, the process of assessing trust will be reconceptualized as a dynamic and iterative one.  In short, the project will examine whether decisions to trust are not based simply on reading the cues of others, but rather on a dynamic dance whereby partners engage in nonconscious mimicry, and in so doing, are able to use perceptions of their own bodily states to infer their partner's feelings and, thereby, predict their motivations. To investigate this possibility, the research team will conduct experiments examining the interplay of emitted nonverbal signals and mimicry on decisions to trust within the context of behavioral economic games. Moreover, given that many facets of these phenomena often occur outside of human awareness and control, newly developed social robots will be used as interaction partners for humans in several experiments. These robots provide not only exacting control over relevant expressive parameters that is not possible in humans, but also the opportunity to test proposed models by allowing the robot to predict the trustworthiness of human partners.  Taken as a whole, this project not only holds potential to increase understanding of the processes the underlie the initial emergence of trust-based relationships, but also to refine the physical and computational architecture that enable robots to infer motives and predict actions of humans and, thereby, increase their utility and value as interaction partners.",National Science Foundation,NSF|abstract|noise,"Social Science, Public Policy & Education Research"
386442,"Support for the 2008 Hadron Collider Summer School; August 2008, Batavia, IL",This proposal partially supports registration and lodging costs for graduate students and young post-doctoral researchers from US institutions attending the 2008 joint CERN-Fermilab Hadron Collider Summer School which will be held at Fermilab 12th-22nd of August 2008.,National Science Foundation,NSF|abstract|noise,Mathematics & Fundamental Physics
387197,"Dynamics Days 2009 Conference; San Diego, CA; January 2009","This proposal request funds to support the annual International Conference on Chaos and Nonlinear Dynamics: Dynamics Days 2009, to be held at the DoubleTree Hotel, San Diego, California on January 8-11, 2009, and hosted by the University of California,San Diego. The principal co-organizers are Professors Michael Todd (mdt@ucsd.edu) and Herbert Levine (hlevine@ucsd.edu), of UCSD?s Engineering and Physical Science Divisions, respectively. Dynamics Days is an annual conference organized with the specific purpose of providing an interface for researchers from diverse scientific disciplines but with common interests in nonlinear dynamics, chaos, and complex systems. This meeting has become internationally known as a very effective mechanism for researchers to share their most recent results in understanding, modeling, and controlling nonlinear dynamical systems.",National Science Foundation,NSF|abstract|noise,Mathematics & Fundamental Physics
387243,Turning the Civil and Mechanical Infrastructures into a Smart Structures and Systems through the Adoption of Bio-inspired Sensing and Actuation Technologies,"The objective of this workshop is to develop a road map for planning a comprehensive bilateral US-Taiwan team- and center-based research and implementation plan for realizing significant advances in civil and mechanical infrastructure based on ?smart structures and systems through the adaptation of bio-inspired sensing and actuation technologies?. Taiwan is situated in a highly seismically active region of the world with devastating earthquakes occurring almost every decade and along the primary path of Northwestern Pacific tropical cyclones occurring almost yearly. Because of the extensive investment by the National Taiwan Council (NSC), Taiwan today is a recognized leader in the hazard mitigation field. In this workshop we proposed that significant improvements in multiple nature hazard mitigation approaches are still possible and can be achieved through the adoption of transformative technologies such as bio-inspired sensing and actuation concepts. Bilateral groups of scientists from academia, government, and industry will be invited to contribute and to develop a framework for an integrated research frontier that is envisioned to revitalize US-Taiwan collaboration on emerging research serving pressing societal needs.",National Science Foundation,NSF|abstract|noise,Materials Science & Structural/Civil Engineering
541110,"THEORY, DESIGN, AND ALGORITHMS FOR OPTIMAL CONTROL OF WIRELESS NETWORKS",,Air Force Research Office,AFRO|title_only|noise,"Computing, Networking & Robotic Systems"
543986,Cell Sorting for Advanced Biodefense Research,,Army Research Office,ARO|title_only|noise,Biomedical Sciences
645905,MECHANISM OF INTRINSIC HYDROLYSIS IN RAS AND THE EFFECT OF RAF ON ONCOGENIC MUTAN,"Project Summary Ras is a protein that activates the Raf/MEK/ERK signal transduction pathway in the cell, which plays a central role in the control of cell growth and differentiation. In about 30% of human cancers Ras is defective and the signal is kept on, leading to uncontrolled cell proliferation. The signal is normally turned off by the GTPase activity of Ras itself, which hydrolyzes its bound GTP to GDP. While the biochemical and biophysical aspects of the hydrolysis reaction has been well-studied in wild type and mutant free Ras, it is now clear that its protein binding partner Raf has a strong damping effect on the hydrolysis reaction of the common oncogenic mutant RasQ61L, but not on the wild type. This suggests that it is in the context of the interaction with Raf that the oncogenic Q61 mutants of Ras exert their phenotype. This project aims to investigate whether this is true in vivo using NIH-3T3 fibroblasts, to quantify the effect of Raf on the GTPase reaction of the oncogenic mutants of Ras, and to establish the mechanism through which this effect occurs by using a combination of biochemical and biophysical approaches. The goals will be accomplished in four specific aims. The first will be to determine whether the transforming mutants affect the Ras/Raf and PI3K signal transduction pathways differentially. The second will be to obtain the rates of hydrolysis of Ras and several oncogenic mutants in the presence of Raf and compare them to the rates obtained for the free proteins. The third aim focuses on X-ray crystallography and neutron diffraction to study the intrinsic hydrolysis mechanism in Ras and oncogenic mutants. The fourth aim will elucidate the energetic features of the catalyzed reaction using a combination of quantum- mechanical and molecular dynamics simulations of the Ras/Raf complex. By quantifying the effect of Raf on the hydrolysis reaction that controls one of the major cell proliferation pathways in the cell and elucidating the mechanism through which this occurs, this project will significantly advance knowledge of the fundamental mechanisms that lead to the development of human cancers due to mutations in Ras.",National Institutes of Health,NIH|abstract|noise,Biomedical Sciences
648460,PSYCHOPHYSICAL CORRELATES OF NEURODEGENERATION IN GLAUCOMA,"DESCRIPTION (provided by applicant): Glaucoma is the second leading cause of blindness in the developed world and causes progressive loss of the peripheral visual field. While visual loss caused by glaucoma is currently irreversible, clinical intervention is most effective if the disease is caught at an early stage, when catastrophic field loss can be averted. Unfortunately existing screening techniques can only detect glaucoma once significant visual impairment has occurred. Although visual deficits in glaucoma are thought to be attributable to programmed cell death (apoptosis) of retinal ganglion cells (RGCs) it is now clear that cell-death is the endpoint of a gradual deterioration in RGC-function. Effective diagnostics cannot wait for cell death, but must measure a behavioral impact of RGC dysfunction. When screening fails, the clinician is particularly reliant on the patients self-diagnosing. Unfortunately more than 50% of people who have diagnosable glaucoma are unaware of it. This, along with poor screening sensitivity has long-term implications for the effective management of an increasingly prevalent disease. This proposal assesses a more efficient and more sensitive motion screening technique that may help detect RGC dysfunction earlier, facilitating prompt clinical intervention to slow the progression of glaucoma. We examine binocular vision, filling-in and compensatory eye movements that may obscure detection of progressive visual impairment and prevent patients from self-diagnosing at an earlier stage of the disease. The overall aim of this proposal is to identify signs of glaucoma that may help bring patients to clinic before catastrophic glaucomatous visual field loss has occurred. Such early intervention allows clinical management of glaucoma to be most effective and so relieves the burden of visual impairment. PUBLIC HEALTH RELEVANCE: Glaucoma is the second leading cause of blindness in the developed world and its incidence is set to rise as the population ages. While visual loss caused by glaucoma is currently irreversible, clinical intervention is most effective if the disease is detected and treated at an early stage, when catastrophic field loss can be averted. The proposed program of research develops new diagnostics that are sensitive to the early stages of neuro-degeneration in glaucoma.",National Institutes of Health,NIH|abstract|noise,Public & Behavioral Health
648545,"RACE IN A BOTTLE: LAW, COMMERCE AND THE PRODUCTION OF RACIAL CATEGORIES IN BIOME","DESCRIPTION (provided by applicant):   
  
The aim of the project is to provide a book-length treatment of the emergence of race as a central organizing concept in the development of pharmaceuticals and related biotechnological innovations in a post-genomic age. The grant will supply funding for three summers of work to complete this book. The study will be built around a case study of BiDil, the first drug ever approved by the FDA with a race-specific label - for the treatment of heart failure in a ""black patient."" It will situate this extended case study within a larger context of the emergence of race-based medicine and the continuing, indeed increasing, use of racial categories in biotechnological research and product development. It will explore how the use of race in biomedicine is shaped by a complex   interplay among commercial, legal, political and scientific forces and elaborate upon the complex double edge of using race in such contexts. Many people using race in biomedical research and product development are doing so with good intentions but without sufficient care to understanding the potential of such use to reify race as genetic and/or reinforce stigmatizing racial stereotypes. The story is all the more interesting because of the complex motivations and interests underlying the use of race in biotechnological research and product development. The primary actors in this story include genetics and clinicians, regulatory officials and politicians, citizen activists and corporate leaders. Generally speaking they are all people of good faith seeking to improve people's health, but their motivations complex and occasionally conflicting. Exploring the story through their actions and concerns illuminated the difficult double edge of using race in biomedical research and product development - bringing to light in a concrete manner what legal scholar Martha Minnow, in another context, has characterized as the ""dilemma of difference,"" namely ""when does treating people differently emphasize their differences and stigmatize or hinder them on that basis? and when does treating people the same become insensitive to their difference and likely to stigmatize or hinder them on that basis?""",National Institutes of Health,NIH|abstract|assigned,Public & Behavioral Health
651327,TRANSLATIONAL GENETICS AND DOPAMINE SIGNALING IN SENSITIVITY TO AMPHETAMINES,"DESCRIPTION (provided by applicant):  Abuse of amphetamines is a major public health problem that warrants the identification of genetic risk factors which could lead to addiction prevention and novel treatments. Because amphetamines are also used clinically for such conditions as Attention Deficit Hyperactive Disorder, Parkinson's disease, and narcolepsy, studying the genetic basis of the biological actions of these drugs could also lead to improved pharmaceutical treatments. This application requests support for training in mouse and human genetics to test the hypothesis that polymorphisms in the candidate gene casein kinase 1-epsilon (Csnk1-e) contribute to sensitivity to the behavioral and subjective effects of amphetamines in mice and humans. In Aim 1, mice will be bred with polymorphic Csnk1-e alleles on two separate isogenic background strains with the hypothesis that Csnk1-e polymorphisms will modulate the locomotor stimulant response to methamphetamine (MA). In Aim 2, polymorphism-induced changes in Csnkle gene expression will be examined along with changes in MA-induced activation of the Darpp-32 dopamine signaling pathway and MA-induced locomotor activity in mice. The hypothesis is that an increase in Csnkle expression will result in an increase in MA-induced Darpp-32 phosphorylation and an increase in the locomotor stimulant response to MA. Furthermore, we expect these changes in Csnkle expression to result in differential sensitivity to the biochemical and behavioral effects of specific pharmacological inhibition of Csnkle. In Aim 3, parallel to the mouse studies, a human translational study will be conducted whereby association of CSNK1E polymorphisms with sensitivity to the physiological, behavioral, and subjective responses to d- amphetamine (AMPH) will be examined, including AMPH euphoria. Public Health Relevance: New insight into the genetic basis for sensitivity to amphetamines may have important implications for addiction prevention as well as the development of novel treatments for clinical conditions related to dysregulation of the dopamine system.",National Institutes of Health,NIH|abstract|assigned,Biomedical Sciences
652382,AF:Small: Computation in Very Large Groups,"Mathematical group theory has wide applications to the sciences and to other branches of mathematics. Some important examples of current interest are fast matrix multiplication, search in the presence of symmetry, and symmetries to be found in physics and chemistry. Current algorithms do not always scale or are not always practical in implementation. Some levels beyond which current algorithms tend to become impractical are permutations of a million points, matrix group dimensions beyond a few tens, and coset methods (defining equations on groups) beyond 100 million cosets. We call such groups very large groups.This project will develop a new class of algorithms for very large groups. The new algorithms will take advantage of the experience of the P.I. and his lab in previous computations and algorithms using terabytes of parallel disk storage. The feasibility of a many-disk approach had previously been shown in a popular demonstration concerning Rubik's cube: Rubik's cube can be solved in 26 moves or less. Both that and more traditional problems will be used to further develop the disk-based language, Roomy.Emphasis will be given to well-known problems not known to be in polynomial time (centralizer, group intersection, normalizer, etc.). These problems have seen little progress during the last decade. They are considered hard in part due to their close connection with the conjugate group action of a group on itself. In this conjugate action view, a group is seen as a permutation group acting on almost as many points as there are elements in the group itself. In this view, even moderate size groups quickly turn into very large groups under the conjugate action. Novel methods such as the biased tadpole, coupled with the power of the Roomy language, will enable a resumption of progress in this area.The broader impact lies in the ability to harness these new algorithms and implementations in pursuit of applications outside of group theory such as those mentioned earlier. Researchers outside of group theory have long had the potential to generate groups beyond the capabilities of standard software, such as the free and open source GAP package. Extending the capabilities of GAP and other familiar tools will enable new discoveries. The further development of the Roomy platform is also an important byproduct, whose value will extend far beyond its group theory origins.",National Science Foundation,NSF|abstract|assigned,Mathematics & Fundamental Physics
654845,Collaborative Research:  ULTRA-Ex:   Metabolism of Boston,"The urbanization and growth of the human population over past decades has yielded cities of unprecedented size and form, which emit significant quantities of waste, transform habitat, modify major biogeochemical cycles, alter local climate, and diminish human health. Carbon exchange is a key indicator of the intensity and pattern of urban metabolism, but the state of science currently does not address the close coupling of carbon exchange within and across human and natural subsystems of urban and urbanizing systems. Almost all research has focused on urban carbon emissions, or separately on urban vegetation carbon exchange. Thus, it is not possible to answer basic questions such as whether natural systems exchange carbon more locally than they do with a metropolitan region. This research will develop an integrated measurement and analysis framework for coupled carbon exchange in an urban-to-rural gradient from Boston to the rural Harvard Forest Long Term Ecological Research Site. This project will combine ground-based measurements of carbon exchange and energy flows with socioeconomic, meteorological and satellite measurements and modeling of human activity and the built and natural environments. These data will be integrated into a dynamic, Geospatial Information System that will characterize extant patterns of carbon exchange from daily to seasonal time scales at sub-meter spatial resolution across the urban-to-rural gradient. This analytical framework will then be used to forecast carbon exchange impacts of future land use change and urban growth scenarios, to advance fundamental knowledge about coupling of carbon exchange in urbanizing systems, and provide policy makers with specific and relevant information to align urban growth planning with sustainability goals.Quantifying climatic, ecological, and socioeconomic drivers of carbon exchange and energy use will allow for forecasting carbon flows and evaluating policies aimed at altering flows consistent with social goals. For example, this research will help evaluate options for achieving Boston's emissions reduction targets. More broadly, it provides tools for larger-scale efforts like the Massachusetts Global Warming Solutions Act, the Regional Greenhouse Gas Initiative, and the American Clean Energy and Security Act. Because this research includes natural and social science determinants at fine spatiotemporal resolution, it can evaluate options that cannot be assessed within a single discipline and anticipate unintended consequences for the human population. For example, this research can be used to evaluate how urban forestry, changes in rooftop albedo, and changes in transportation infrastructure can offset carbon emissions, or to examine how transportation options affect both carbon emissions and the economic opportunities available for urban dwellers.",National Science Foundation,NSF|abstract|noise,"Social Science, Public Policy & Education Research"
655641,Collaborative Research: Investigating Underlying Mechanisms and Behavioral Consequences of Emotion-Induced Implicit Prejudice,"The goal of this collaborative research project is to examine the conditions under which incidental emotions exacerbate intergroup prejudice, stereotyping, and discriminatory behavior. In the intergroup context, incidental emotions refer to affective states that individuals may be experiencing immediately before they encounter outgroup members and whose evocation is unrelated to these groups. As such, these states are different from integral emotions, which refer to affective states that are directly evoked by an outgroup when people reflect on or encounter them. The investigators propose a theoretical model that specifies selective attention as the most likely mediator between incidental emotion and subsequent bias in judgments and action. The primary goal of the present proposal is to test the veracity of the proposed model in three sets of studies. The first set of studies examines the selective attention hypothesis. These studies examine whether incidental emotions cause individuals to focus on members of groups stereotypically associated with the activated emotion, and whether this attention is focused particularly on emotion relevant features of the groups. These studies also examine whether incidental emotion increases emotions explicitly tied to the target group (integral emotion) and a focus on incidental emotion specific features of individuals in the target group. The second set of studies tests the hypothesis that incidental emotion affects perceptions of non-prototypical members of target groups more than prototypic members. The third set of studies focus on the behavioral consequences of incidental emotion. These studies examine the hypothesis that the effect of incidental emotions on attention, and implicit biases can cause discriminatory behaviors. Importantly, this project will build scientific infrastructure by strengthening collaborations between two labs with different expertise: the study of emotion and implicit social cognition. This project will also provide many opportunities for members of underrepresented minorities to be trained in scientific research.",National Science Foundation,NSF|abstract|assigned,"Social Science, Public Policy & Education Research"
657392,Dissertation Research:  Vasopressin-Glutamate Interactions in the LAH of Aggressive Male Syrian Hamsters,"During the past 40 years research in aggression has identified the main neurotransmitters and brain areas involved in the modulation of aggressive behavior. However, how key brain areas and neurotransmitters interact to modulate aggression is unknown. In the lateral anterior hypothalamus (i.e., LAH. the center of control of aggression that receives and integrates aggression inputs from other brain areas involved in aggression control and sends output projections back), vasopressin is a neuropeptide that facilitates aggression. Moreover, in this brain area glutamate (i.e., a predominant excitatory amino acid in the hypothalamus) has been previously hypothesized to be the aggression output system to other aggression brain areas. The current project will focus on understanding how interactions between vasopressin and glutamate in the LAH modulate the aggressive behavior. Specifically, male Syrian hamsters (Mesocricetus auratus) exposed to moderate doses of anabolic androgenic steroids will be used to investigate whether increased hypothalamic vasopressin stimulates the activity of glutamate cells and underlies the escalated aggressive behavior observed in these animals. This project will primarily use behavior pharmacology to investigate how changes in aggressive behavior map to changes in brain activity. The findings from this project will not only provide new knowledge that will further our understanding on the neurobiology of aggression but it will also make a contribution to other research areas investigating how brain mechanisms regulate behavior. Moreover, this project will promote the development as an early neuroscientist of a female PhD student and training in laboratory of various undergraduate students from underrepresented groups.",National Science Foundation,NSF|abstract|assigned,Biomedical Sciences
659314,GOALI: A Quantum Mechanics Based Method for Properties Predictions and Product Improvements Using Molecular Design,"This award is funded under the American Recovery and Reinvestment Act of 2009 (Public Law 111-5). The research proposal is supported in part through the funds from the Grant Opportunities for Academic Liaison with Industry (GOALI) program for cooperative research between the research group of Professor Stanley I. Sandler of the Department of Chemical Engineering at the University of Delaware and Drs. Steven Lustig and Michael Crawford at the Experimental Station of the DuPont Company in Wilmington Delaware. The project will have long term energy and environmental impact. It involves simulation/modeling and comparisons with experimentation.The thermodynamics research will focus on improvements to the recent quantum mechanics based physical and chemical properties prediction method, COSMO-SAC, developed at the University of Delaware, and its combination with a molecular design methodology developed by Steven Lustig at DuPont to areas of both scientific and industrial interest. There are three specific, but related areas of research in this proposal are improvement of the basic COSMO-SAC model to better represent London dispersion interactions, and then reparameterization of the model using databases available at the University of Delaware and at the DuPont Company. an experimental test of a fundamental assumption of the COSMO-SAC and related models of the independence of the solute molecular conformation on the solvent in which it is located using Raman spectroscopy at the DuPont Company. and combination of the proposed refinements with the COSMOdesign methodology to develop a self contained tool that can be used to design molecules to achieve certain performance goals. Intellectual Merit There are three features of this proposal of original and distinct intellectual merit. The first is the combination of a quantum mechanics based approach to predicting the thermodynamic properties in a novel manner with an artificial intelligence based method to choose fluids and mixtures to meet specifications for the optimal design of a product or process. Second is the further development of this quantum based method by a significant improvement in the way dispersion and hydrogen bonding energies are treated based on better physiochemical theory and descriptions. Finally, while the solution effects on conformations of molecules is known to be important, for example, in the coiling and uncoiling or polymers and folding and unfolding (denaturation) of proteins, this effect is largely ignored in the description of smaller molecules. The PIs will examine the importance of changes in molecular conformation experimentally in this research, and then incorporate this information into thermodynamic properties model. Broader Impacts The most important impact of the research proposed is the development of a publically-available, completely new design tool for chemists and engineers to use in reverse engineering of a product or solvent, and especially those with environmentally acceptability. That is, once a desired set of properties for a product or solvent have been specified, the result of the proposed research will allow pure fluids or mixtures to be identified that have these properties, even if there are no experimental data or the substance(s)has not yet even been synthesized. One such example is ionic liquids, of which there are many possible based on different choices of anion and cation, while only a few have been synthesized. Another would be in choosing a new refrigerant or refrigerant to meet energy efficient or environmental standards. Still other applications of the method include using the quantum mechanical based theory to selective binding of substances to electronic and biological substrates. estimating toxicity. and to the design of pharmaceutical and other biologics with desired drug formulation and/or delivery properties. In addition to the scientific and engineering impact of the research, at least one Ph.D. and one postdoctoral associate will receive training under the proposed grant, thereby increasing the U.S. pool of trained professionals. Also, through the RISE program of the University of Delaware, we will involve undergraduate students from underrepresented minorities in the research.",National Science Foundation,NSF|abstract|noise,Mathematics & Fundamental Physics
661713,NeTS:  Medium:  Collaborative Research:  Secure Networking Using Network Coding,"This award is funded under the American Recovery and Reinvestment Act of 2009 (Public Law 111-5).This project determines the fundamental limits of network secrecy from a network coding perspective, and then applies this theory to improve security guarantees in peer-to-peer and wireless networks. As network coding gains prominence as an important strategy for both wired and wireless networks, the project identifies both the advantages and vulnerabilities from using network coding. Subsequently, the effort develops a design methodology that exploits the advantages while carefully compensating for the vulnerabilities. This project analyzes networks under both outsider and insider attacks. Specifically, coding mechanisms are developed to combat an external eavesdropper. Also, a combination of cryptographic and information-theoretic tools are used to combat internal modification attacks on the network. The results are then used in two case studies: eavesdropper attacks on wireless mesh networks and pollution attacks on P2P content distribution systems. Secure network coded systems, once well understood, can greatly impact how networks are designed and deployed. Nearly every network setting (wireless, wired or heterogeneous) can benefit in terms of improved resilience (in addition to other performance benefits such as throughput) in its design. Case studies in this effort are designed to help transition the theoretical principles developed into practical algorithms. The research team includes an industry member which will aid in transitioning our research ideas from theory to practice. The team will disseminate its findings through traditional scholarly venues, through the web and to the local community at each partner institution.",National Science Foundation,NSF|abstract|noise,"Computing, Networking & Robotic Systems"
669079,"Burning Speed, Autoignition and Flame Structure of Bio-Jet Fuels",,Office of Naval Research,ONR|title_only|noise,unassigned
671276,A Proposal to Support Student Travel for the ACM CoNEXT 2010,"This travel award supports student participation in the 6th International Conference on emerging Networking EXperiments and Technologies (CoNEXT) will be held in Philadelphia, PA, USA, between November 30 and December 3, 2010.CoNEXT 2010 and the associated workshops, includes a student workshop, a workshop on ?Re-architecting the Internet?, and a workshop on ?Programmable Routers for Extensible Services of Tomorrow?. This rich program will expose students to new ideas, and allow them to interact with other researchers. In particular, the student workshop is geared to provide students an opportunity to present their work in progress, receive feedback on their work, and obtain valuable experience in writing and presenting technical papers.Approximately 10 US-based graduate students are provided the opportunity to attend CoNext. The travel awards will target graduate students, in particular female and under-represented minority students, since they often have limited travel funds to attend workshops. attendance at such events is an important part of their educational experience.",National Science Foundation,NSF|abstract|assigned,"Workforce Development & Institutional Partnerships"
671593,An Integrated Platform for Validated Prediction of Collapse of Structures,"This research aims to establish a robust procedure for accurate assessment of the collapse of steel frame structures. Understanding the causes and effects of structural collapse is critical to develop key documents such as national building codes, regional emergency response plans, and risk management strategies. This project will develop a cohesive-zone method for detailed assessment of structural collapse, and a compact plasticity-based macro beam element method for global collapse assessment of a complete frame structure. Together, these two methods will provide a systematic approach for evolution of collapse, including strength degradation and topology changes. The approach will be validated using representative testbed examples.  Stochastic algorithms including Bayesian parameter estimation methods and pattern classification methods will then be developed for validating some simple nonlinear methods that are currently used to predict collapse. The research will help in identifying the key parameters and damage measures that govern the collapse capacity of a structure.The numerical and analytical tools developed in this project will help in the development of better building code provisions that seek to prevent disproportionate collapse and in regional loss assessments that rely on accurate assessment of building collapse in a region.  The research will identify new collapse resistant structural designs to enhance public safety under extreme loads. The research results will be incorporated in the graduate level courses on the topics of structural designs for extreme loads and risk assessment.  Active efforts will be made to recruit students from the groups that are underrepresented in science and technology fields using the well-established institutional fellowship programs.  Through their involvement in the research project, two graduate students and two undergraduate research assistants will be provided advanced training to join the Nation's highly trained workforce.",National Science Foundation,NSF|abstract|assigned,Materials Science & Structural/Civil Engineering
677946,HCC: Large: Collaborative Research: Always-On Relational Agents for Social Support of Older Adults,"Abstract This project will create a new category of intelligent, autonomous virtual or robotic agent, which is continuously operating and interacting with humans - always on - for long periods of time and whose primary motivation is building and maintaining long-term social relationships with humans. The initial application focus of this research is to provide companionship and social support and to promote wellness for older adults who are living alone. For example, during a typical day, an always-on relational agent might play a social game of cards with the adult, act as an exercise coach and help arrange visits or phone calls with the adult's family and friends. A new integrated theory of social agency, called SharedPlans Relationship Theory, will be developed to serve as a principled foundation for these relational agents. The theory will be grounded in an always-on relational software architecture, which will be distributed as open-source for others to use and extend. Using a participatory design process, including home and laboratory studies, the target user population will help develop the specifications for a relational agent, which will then be constructed using the theory and software architecture, and placed in users' homes for long-term (month or more) longitudinal evaluation. This project will make fundamental, theoretical contributions to models of relationship, sociality, interactional engagement and social support. The effort will also produce new insights into how people in general, and older adults in particular, enact social support at the relational, activity and micro-behavioral levels of analysis. The new always-on relational software architecture will be a fundamental advance over current agent architectures, which only support brief, focused interactions around a well-specified task. This architecture will also support incremental extension of agent capabilities and be able to control either virtual and robotic agent embodiments. Social isolation is a broadly troubling trend in modern society. Always-on relational agents have the potential to counteract this isolation both directly, by providing companionship, and as intermediaries, by putting isolated people in contact with other people, both electronically and physically. Companionship and social support are also known to be significant positive factors in disease recovery and mortality, especially for older adults. The application focus of this project therefore has the potential for helping with health care cost control.",National Science Foundation,NSF|abstract|noise,Public & Behavioral Health
679519,MRI: Acquisition of a High Energy Resolution Angle Resolved SpinPolarized Photoemission Instrument,"Technical Summary: The combination of high angular- and energy-resolution with spin resolution, using spin polarized photoemission spectroscopy, is crucial for reaching a level of understanding of the electronic structure of magnetic and superconducting solids not possible with other techniques (e.g., x-ray magnetic circular dichroism, spin-polarized neutron scattering). Usually to obtain high performance in energy and angular resolution, spin information is sacrificed (e.g., by spin-integrated angle-resolved photoemission spectroscopy). conversely, spin analysis (e.g., using spin-polarized photoemission spectroscopy) is usually carried out at lower energy and angular resolution. The high transmission of the new generation of electron energy analyzers and the high fluxes available from insertion devices at modern Light Sources enables count rate-to-resolution limitations to be overcome. This project aims to acquire an instrument that combines the best possible throughput in addition to both energy and momentum resolution with spin analysis. The present NSLS (National Synchrotron Light Source) or future NSLS II undulator to which this analyzer will be attached, as well as focusing optics (micro spot size), large flux (order of magnitude increase over best known) and energy range (10 to 4500 eV) combined, add unprecedented capabilities to the acquisition instrument and resultant spin-resolved electronic structure determinations. For this instrument alone at beamline U5UA of the NSLS, it will be unique within North America (?38? angular mode, with <6 meV spin resolved photoelectron resolution). When coupled to the upgraded NSLS II, this instrument will be unique within the world, with the ability to probe physically small (<5 microns) magnetic features over a large energy range (providing elemental specificity) with both high energy and angular resolution. The basic science extracted from this instrument will have direct impact in advancing lightweight magnets, next generation superconductors and in developing new mechanisms for future magnetoelectronic devices. As the instrument is housed at a federal laboratory with established methods for optimizing user beamtime, the largest cross section of science and scientists will gain access to these unique capabilities. Layman Summary: Major advances in understanding superconducting and magnetic materials require understanding their spin-polarized electronic structure. 'Spin' is a quantum mechanical property of electrons that endows an individual magnetic moment while the 'electronic structure' can describe how insulating or metallic a solid is and can provide clues as to why the solid exhibits certain physical, optical, electrical, or chemical properties. This project aims to acquire a state-of-the-art instrument that can directly probe how tightly bound electrons are to a solid and how the electron spins communicate amongst each other, hence giving information about the spin polarized electronic structure. This instrument (a spin-resolved electron energy analyzer) will be coupled to a synchrotron radiation source, where 'synchrotrons' are specialized light sources that are advantageous because of the large energy (or wavelength) ranges they provide with a large number of photons per area per time (i.e., high intensity) and because they are intellectual and physical centers of confluence where the greatest number of people may have access to such a capability (instrument + synchrotron). The information gathered with this instrument will help in the advance of materials used in next-generation devices, such as memory, storage, and processing components. Lastly, as part of this project, beamtime proposals and project applications will be developed with the Faculty and Student Teams (FaST) Program at Brookhaven National Laboratory, where each summer, one faculty member and up to three undergraduates will perform studies using the requested instrument. The FaST program separately provides both travel and housing funds, as well as a stipend to both the students and faculty during the ten weeks in summer, making this a very realistic program for obtaining new users from institutions that would otherwise not have had this opportunity.",National Science Foundation,NSF|abstract|assigned,Materials Science & Structural/Civil Engineering
680663,"Quantum Groups, Poisson Lie Groups, and Combinatorics","This proposal addresses series of interrelated problems on quantum groups, Poisson Lie groups, Poisson homogeneous spaces, and their relations to combinatorics. These include: determining the spectra of quantized universal enveloping algebras of nilpotent algebras of De Concini-Kac-Procesi and Lusztig and the Berenstein-Zwicknagl (flat) braided symmetric algebras, carring out the orbit method for quantized algebras of functions, classifying automorphism groups of quantum nilpotent algebras, investigating quantized algebras of functions related to the Belavin-Drinfeld classification and the corresponding varieties of Lagrangian subalgebras, proving completeness of Kogan-Zelevinsky integrable systems, investigating cluster algebras on flag varieties and double flag varieties and their interaction with total positivity on these objects.The theory of Lie and algebraic groups is a major branch of mathematics, used to study in a unified way symmetries of physical theories, and geometric and algebraic objects. In recent years noncommutative versions of these techniques started playing an increasingly prominent role. Hopf algebras appeared in numerous studies in mathematical physics, algebra, combinatorics, noncommutative geometry, and topology.",National Science Foundation,NSF|abstract|assigned,Mathematics & Fundamental Physics
682077,SHF: Small: Collaborative Research: Modular ACL2,"Reliability is extremely important for some software and hardwareapplications. One approach is to use a programming language with amechanized logic---a so-called theorem-prover---to prove theorems thatestablish some critical behavioral characteristics. Among theorem-provers,ACL2 has found use with several industrial suppliers of high assurancesoftware and hardware. ACL2 does not support component-oriented softwaredevelopment, however, making it difficult to use with large and complexprojects.This research project has three goals: to add a pragmatic module system toACL2. to equip it with a hygienic macro system. and to investigate a typesystem that accommodates ACL2's programming idioms. The project teamemploys a cyclic, three-step exploration method. The first step is toadapt constructs from existing, similar languages to ACL2, especially alogical meaning consistent with the theorem prover of ACL2. The secondstep is to explore the pragmatics of the design with a wide range ofexamples. The third step is to add implementations to a pedagogic,interactive development environment for ACL2 and to evaluate theirusefulness in software engineering courses. The results of this last stepare used to re-start the cycle.The work will contribute to the dissemination of theorem provers inclassrooms and industry. The research team expects to expose collegestudents to the use of theorem proving in the design and development ofcomplex systems with dozens, and possibly hundreds, of reliablecomponents. The team also hopes to improve the ability of industrial ACL2programmers to tackle complex component-oriented systems.",National Science Foundation,NSF|abstract|assigned,"Computing, Networking & Robotic Systems"
709893,LAYER-BY-LAYER NANOCARRIERS FOR HIGHLY EFFICIENT SOLUBILIZATION OF INSOLUBLE DRUG,"DESCRIPTION (provided by applicant):  By combining the recent developments in engineering of multifunctional pharmaceutical nanocarriers and in preparing novel types of polymeric coatings using the layer-by-layer (LbL) technology, we expect to obtain new dosage forms of poorly soluble drugs and meet the unmet need for stable nanocolloids of such drugs suitable for parental administration.  There exist serious problems with currently used micellar carriers for poorly soluble drugs: (a) low loading efficacy of the drug (usually below 5% wt). (b) impossibility to apply the same protocol for different drugs. (c) difficulties in controlling the drug release rate. (d) scaling up the technology. (e) insufficient stability. On the other hand, there exists an approach to assemble polyelectrolyte multilayer shells on various particles through the LbL process based on an alternate adsorption of oppositely charged polyelectrolytes. We plan LbL coatings to make stable aqueous colloids of poorly soluble drugs with high stability, controllable release rate, and very high content (up to 90% wt) of the active drug. For this, aqueous suspensions of poorly soluble drugs with micron range particles are subjected to ultrasonication to bring their size to the nano level, and stabilized drug nanoparticles in solution are formed by applying the LbL coating.  We hypothesize that the formation of LbL shell around drug nanoparticles will result in stable drug preparations with high content of an active drug. By varying the charge density on polymers and/or the number of coating cycles, particles with a different surface charge and different composition of the coat can be prepared to control drug release rate. The use of a reactive polymer to form the outer surface layer will allow for the attachment of specific ligands or reporter groups and other moieties of interest to drug nanoparticles.  The proposal pursues the following specific aims: (1) To prepare stable nanocolloids of poorly soluble drugs - paclitaxel (PCT), and camptothecin (CPT) - with a size of 100-to-200 nm, drug content of above 75% wt, and controllable drug release rate by using the LbL technology. (2) To prepare drug LbL nanocolloids with attached polyethylene glycol (for increased longevity), cancer-specific monoclonal antibody 2C5 or TAT peptide (TATp), for cancer targeting or intracellular penetration. (3) To investigate the properties, cytoxicity, interaction with cells, and cellular uptake and intracellular distribution of non-targeted and targeted LbL nanocolloids of PCT, and CPT in cancer cells in vitro. (4) To investigate the properties of non-targeted and targeted LbL drug nanocolloids in vivo in mice with experimental tumors. and (5) To prepare TATp-modified LbL nanocolloids of PCT, and CPT and study the effect of TATp-mediated intracellular delivery of drug nanocolloids on drug efficiency both in vitro and in vivo.  This proposal will develop a novel platform for making stable targeted and non-targeted nanocolloids of poorly soluble drugs with high drug content and enhanced drug bioavailability.",National Institutes of Health,NIH|abstract|assigned,Biomedical Sciences
714230,PUERTO RICO TESTSITE FOR EXPLORING CONTAMINATION THREATS (PROTECT),"PROJECT SUMMARY Study Objectives: The goal of this project is to develop and test a portable, low-maintenance, and self- cleaning water purification technology for both point-of-use and point-of-entry water treatment. A novel electro- Fenton (EF)-like Electrochemical Advanced Oxidation Process (EAOP) will be coupled with sorption using practical, cost-effective, environmentally friendly carbon-based porous cathodes. Two approaches will be implemented: 1) removal of organic mixtures from the water via adsorption by carbon-based electrodes, then regeneration of the adsorbent via application of the EAOP on the carbon-based porous cathode surfaces to locally generate reactive oxygen species (ROS). and 2) simultaneous application of adsorption and EAOP. The motivation for this work is the need to provide clean water to communities near Superfund sites in Puerto Rico that lack access to clean water after the devastation of Hurricane Maria in 2017, as well as the need for a water treatment technology that can be used in rural areas. Study Approach: Laboratory studies will be conducted using water collected from the study area in Puerto Rico. Target chemicals will include chlorinated solvents, phthalates, pesticides, and polycyclic aromatic hydrocarbons (PAHs). Mechanistic studies will investigate continuous generation of ROS without addition of traditional catalysts (Pd, Fe) that are expensive, waste-producing, or potentially toxic. Instead, we will use three types of benign carbon-based cathodes: Granular Activated Carbon (GAC), Activated Carbon Fiber (ACF) and Granular Biochar (GB). Enhancement techniques that include polarity reversal and floating cathodes will be tested, and conditions that maximize continuous generation of ROS will be identified. Sorption characteristics of the three carbon-based cathodes will be measured, and EAOP?s ability to regenerate the sorption capacity of the cathodes and simultaneously oxidize aqueous contaminants will be tested. To improve understanding of transformation pathways and mechanisms, we will measure changes in concentration of target organics and analyze newly formed by-products. For these laboratory tests, water collected from Puerto Rico will be mixed with model contaminants and used for testing. The variations in toxicity levels and mechanistic profiles during the course of the electrochemically induced degradation will disclose potential causal agents and their links to the degradation pathways. Scaling of operational parameters and performance, geochemical and hydraulic parameters during operation, toxicity evolution, and potential adverse effects will be investigated. We will also assess the risk reduction efficacy of the process using a novel toxicogenomics-based toxicity assessment. Expected Results: Based on this technology, a portable water, self-cleaning treatment system will be designed and tested on water samples from Puerto Rico. The system will be engineered for inclusion into both point-of-use and point-of-entry water treatment systems and can also be implemented in rural areas in the US mainland that are not connected to public water systems.",National Institutes of Health,NIH|abstract|noise,Environmental Science & Ecology
743094,NEESR:  Induced Partial Saturation (LPS) Through Transport and Reactivity for Liquefaction Mitigation,"Devastating effects of ground failure, due to liquefaction of water saturated sands, on the built environment has been widely observed during most moderate to large size earthquakes. There is an urgent need to develop a cost effective liquefaction prevention method that can be applied to new sites as well as sites with existing structures. Researchers at Northeastern University, the University of Texas at Austin, Boise State University, the University of California at Santa Barbara, the University at Buffalo and the USGS will collaborate to develop an innovative and practical field technique for liquefaction mitigation by inducing partial saturation (IPS) in otherwise fully saturated liquefiable sands. The goals of this research are twofold: 1) to conduct fundamental research exploring the feasibility of inducing partial saturation under field conditions, by injecting very low concentration of sodium percarbonate solution, and through transport and reactivity slowly generate oxygen gas bubbles in sands. and, 2) to demonstrate the effectiveness of IPS in preventing the occurrence of liquefaction. The research will take advantage of unique experimental and field facilities of NSF's Network for Earthquake Engineering Simulation (NEES) to acquire fundamental knowledge on the behavior of partially saturated sands and to develop enabling technologies to verify the effectiveness of IPS as a liquefaction prevention method. The research program will achieve its goal by integrating small- and large-scale laboratory investigations, field tests and numerical simulation. NEES facilities to be utilized are the 1-g laminar box at NEES@Buffalo, the T-Rex shaker at NEES@Utexas and the wildlife field site at NEES@UCSB. Data from this project will be archived and made available to the public through the NEES Project Warehouse/data repository. The outcome of this research will have world-wide impact on human safety and protection of property from earthquake hazards. Also, this research will enhance oxygen delivery systems used in bioremediation of contaminated ground. The research is a collaboration between faculty and students in the fields of earthquake and geoenvironmental engineering. Such collaborations will benefit undergraduate and graduate students in science and engineering and promote interdisciplinary education and research. Educational tools using the research facility will be developed to heighten the public's awareness of earthquake risk and promote interest in science and engineering to underrepresented communities. This award is part of the National Earthquake Hazards Reduction Program (NEHRP).",National Science Foundation,NSF|abstract|assigned,Environmental Science & Ecology
747556,ADENOSINE AND OXYGEN MODULATE ANTIMICROBIAL DEFENSES,"DESCRIPTION (provided by applicant): Therapies to reduce the mortality of sepsis still need to be developed due to the high morbidity and mortality of the disease. We have strong preliminary data indicating that local tissue hypoxia coupled with an increase in extracellular adenosine suppresses the ability of cells to eradicate bacteria. Failure to appropriately control bacteria results in excessive and prolonged inflammation. This proposal will evaluate 2 different modalities to treat sepsis by 1) blocking specific adenosine receptors and 2) providing supplemental oxygen. To increase the applicability of the findings, 4 different murine sepsis models will be studied. The first model is the acute phase of sepsis present in the first four days after cecal ligation and puncture (CLP) and the second model is the chronic phase of sepsis where deaths occur after day five. The third sepsis model evaluates the treatment modalities in a model of trauma (abdominal incision) plus Pseudomonas pneumonia. The fourth will use the recently developed humanized mouse model of sepsis induced by CLP. Our first specific aim will closely study the role of adenosine in sepsis by treating septic mice with specific A2A and A2B receptor antagonists. We will confirm the specificity of these findings using A2A and A2B receptor knockout mice. A novel approach of using biomarkers to direct blockade of the adenosine receptors will also be employed. The second aim will verify that local hypoxia occurs during sepsis and provide supplemental oxygen to improve outcome. The third aim will combine adenosine receptor blockade with supplemental oxygen to determine the potential synergistic interactions of the treatments. The fourth specific aim will closely examine the cellular mechanisms of how these treatment strategies improve outcome by determining the augmented pathways that result in improved bacterial clearance. If successful, this application offers both new treatment strategies for sepsis, and the mechanistic knowledge to understand why they are effective.",National Institutes of Health,NIH|abstract|noise,Public & Behavioral Health
80712,Grant,,Office of Naval Research,ONR|title_only|noise,unassigned
820017,Deconstructable Systems for Sustainable Design of Steel and Composite Structures,"This project explores a new design approach, Design for Deconstruction that has emerged to facilitate future reuse of materials. The objectives of the proposed research are to develop new structural system concepts and establish comprehensive life-cycle assessment for deconstructable steel and composite steel/concrete construction. Design for Deconstruction coupled with the use of recycled materials will facilitate sustainable construction. Composite steel/concrete floor systems, by far the most ubiquitous type of structural steel framing for commercial and institutional buildings, is a key focus of this work. These floor systems currently require monolithic construction to ensure adequate performance. While these floor system materials may be recycled, currently they cannot be refabricated and reused in buildings. The proposed system maintains the efficiency benefits offered by composite action of steel and concrete construction, including reduced steel beam sizes and flexible floor framing patterns, while directly addressing the need to reduce waste in the construction industry. The research includes quantification of deconstructable connection behavior through conducting full-scale component tests of clamping connections, and conducting full-scale tests and corroborating analyses of the proposed deconstructable composite floor system to validate the integrity of the system. The project includes advancement of the methodologies for conducting environmental life-cycle assessment of deconstructable systems, and developing design strategies for deconstructable steel framing systems. The proposed research is expected to establish fundamental strategies for predicting the behavior and design of sustainable steel structures through combining prefabrication strategies with Design for Deconstruction to achieve direct reusability of composite floor systems. Coupled with advancement in life-cycle assessment strategies for deconstructable steel framing systems, this research is expected to provide fundamental knowledge towards encouraging and codifying a reduction in material use and associated environmental impacts in the steel construction industry. Since building construction accounts for a significant portion of all environmental impacts associated with buildings, reusing composite floors will have significant environmental benefits.",National Science Foundation,NSF|abstract|assigned,Materials Science & Structural/Civil Engineering
853187,NEBRASKA CENTER FOR NANOMEDICINE,"The Nebraska Center for Nanomedicine (NCN), a Center of Biomedical Research Excellence (COBRE), integrates and supports interdisciplinary, multi-project, multi-departmental research in the field of nanomedicine. The Administrative Core serves as a centralized governing source for the COBRE NCN and provides framework for supporting the unique features of the NCN: funding of the junior investigators, mentoring, and organization of Center activities. The Administrative Core includes the Center Director, Center Manager, Biomedical Informatics and Biostatistics support group, and the Mentors. The goals and essential services of the Administrative Core are summarized in the following specific aims:   Provide scientific leadership and an administrative structure that fosters communication and collaboration among NCN members.   Oversee and coordinate the research activities of the projects and cores. maintain a vigorous mentoring program to help establish junior scientists as independent investigators, and facilitate selection and funding of new research projects.   ? Coordinate an effective internal and external committee structure to provide expertise, advice and oversight of the program, and ensure effective communication between members of the NCN and advisory committees.   Coordinate formative and summative evaluation processes.   Assist the collection, handling, and analysis of data from projects and research cores through the Biomedical Informatics and Biostatistics support group and maintain the shared web resources.   Maintain the fiscal management of the Center. implement a data sharing plan, and maintain the communication with and submit the appropriate progress reports to the NIH.",National Institutes of Health,NIH|abstract|assigned,"Workforce Development & Institutional Partnerships"
878188,TAS::57 3600::TAS  The 7th International Workshop on Multifunctional Materials (MFM-7),,Air Force Research Office,AFRO|title_only|assigned,"Workforce Development & Institutional Partnerships"
892629,AIR Option 1: Technology Translation - Smart Power Protection Devices for Photovoltaic Installations,"This PFI: AIR Technology Translation project focuses on translating smart fault detection methods for photovoltaic (PV) installations to fill the technology gap of identifying and protecting against dangerous electrical faults in solar PV installations.  The translated science/technology has the following unique features: 1) it uses machine learning to identify fault type and fault location in the PV arrays. 2) it will be able to clear faults that traditional fuses or other fault protection devices cannot presently clear. 3) it will be a fully integrated fuse holder and box that has user interface allowing the user to monitor the PV array performance. The new solar PV protection technology will be able to isolate, clear, and identify the type and location of PV fault. This includes several types of faults that presently pose fire hazards to PV installations, such as line-to-line faults that may occur when branches or wires accidentally connect two different PV arrays in a big installation. The new, smart fuse protection adds exemplary safety, reliability, and even increased energy delivery when compared to the leading competing science/technology, such as traditional fuses or circuit breakers in this market space. The project accomplishes this goal by running smart fault detection algorithms that utilize machine learning, nonlinear model prediction of PVs, intelligent measurements of PV currents and voltages, resulting in a method to identify hazardous fault location and types. Prototype smart over-current protection devices will be built with miniaturized self-contained electronics. The protection devices will be tested in PV installations to demonstrate their commercial viability and benefits.The partnership engages Mersen USA Newburyport-LLC to provide guidance in the fuse/over-current protection manufacturing and commercial market. Mersen will help manufacture the prototype smart fuse holders and test them in their lab PV facilities. Throughout the project, Mersen will lead product testing, customer surveys and other aspects of commercialization and financing as they pertain to the potential to translate the smart PV fuse protection science/technology along a path that may result in a competitive commercial reality. The potential economic impact is expected to be 1) the creation of a new product market in smart PV protection fuses projected to reach more than $750k annually within 2 to 3 years of the project conclusion and 2) the further acceptance of solar PV energy in the consumer marketplace by making the PV installations safer to the consumer. The smart PV protection devices will contribute to the U.S. competitiveness in this PV installation market, since each installation of solar PV array must utilize (usually multiple) over-current protection devices, such as fuses.  The societal impact, long term, will be improved safety of any PV installation, increased energy yield due to immediate knowledge of fault, and better diagnosis in real-time of any reductions of energy yield caused by PV arrays that may need repair.",National Science Foundation,NSF|abstract|noise,Materials Science & Structural/Civil Engineering
892917,BIGDATA: Small: DA: Patient-level predictive modeling from massive longitudinal databases,"Massive longitudinal healthcare data, such as administrative claims and electronic health records, provide an opportunity to greatly enhance the accuracy and clinical impact of patient-level predictions across a wide range of outcomes. This research targets the national priority domain of healthcare IT and showcases the advances that Big Data afford in helping patients make informed healthcare decisions leading to improved outcomes. Other involved stakeholders include healthcare providers, insurers and governmental agencies, and the databases this proposed grant employs encompass diverse and vulnerable patient populations, including the young, the poor and the elderly. Within this context, this grant is seeking to predict patient-level health events based upon personal characteristics and conditions. Accurate and well-calibrated predictions could significantly improve the wellbeing of patients and populations. This grant proposes to derive predictive models from massive observational data and then, for example, predict that a particular patient has an 18% chance of experiencing a stroke in the next 12 months. With this prediction in hand, caregivers and patients can optimize medical interventions and implement behavioral changes to hopefully prevent the predicted event. Further, this grant integrates two graduate student researchers, whose mentored experiences begin to rectify the shortage of data scientists trained at the intersection of statistics and medicine, and provides general statistical software tools for building large-scale predictive models from massive data across scientific domains.From a technical perspective, the proposed grant aims to first evaluate performance and applicability of an existing predictive model across five administrative claims and electronic health record databases covering over 80 million lives, using CHADS2 stroke risk as a motivating example. Then the grant will develop an innovative data-driven process for building patient-level predictive models from longitudinal observational data, and initially apply the process to predicting stroke in patients with atrial fibrillation for comparison of performance against CHADS2, Finally, the grant aims to explore characteristics of the processand resulting models, such as: evaluation of out-of-sample predictive performance in different databases. consideration of how models change over time. and assessment of which clinical variables most substantially contribute to patient-level predictions. Together, this research will focus on identifying heuristics to extract clinically relevant predictors from longitudinal electronic healthcare data, developing algorithms to use this information in multivariate modeling through massive parallelization using graphics processing units, optimized for data sparsity, and evaluating performance based on accuracy in predicting outcomes at the patient level. As a proof-of-concept, the grant will develop an approach to predict stroke risk and apply this approach across five disparate data sources (80+ million patients, including drugs, lab values, procedures, emergency room visits, primary care visits, inpatient encounters, etc) that reflect diverse patient populations across the US, including the privately insured, Medicare-eligible, and Medicaid beneficiaries. The underlying goal of the grant is to apply innovative statistical and machine learning techniques using advancing computer technology to large-scale observational data to develop accurate and well-calibrated patient-level predictive models enabling the prediction of future medical events for individual patients.",National Science Foundation,NSF|abstract|noise,Public & Behavioral Health
896135,CPS: Breakthrough: Compositional System Modeling with Interfaces (COSMOI),"Design of cyber-physical systems today relies on executable models. Designers develop models, simulate them, find defects, and improve their designs before the system is built, thus greatly reducing the design costs. However, current model-based design methods lack support for model libraries (creating and exchanging models as black boxes), tool interoperability (allowing models to be co-simulated by multiple tools), and multi-view modeling (allowing to combine models that live in different worlds, for instance, a control-logic model with an energy-consumption model). This project seeks to remedy this by developing a compositional modeling framework based on interfaces. Interfaces allow submodels to be treated as black boxes, exposing relevant information while hiding internal details. Success of the project will provide a solid theoretical foundation for compositionality in cyber-physical systems. Compositionality is a key property in system design, allowing to build systems in a scalable and modular manner. This project will enable the construction of model libraries, allowing the exchange of models developed by different teams, potentially coming from different disciplines and using different modeling languages and tools.Besides the considerable economic and societal impact of cyber-physical systems in general, the proposed project will have considerable impact on engineering and computer science education. Its focus on a rigorous and unified modeling theory will erode the boundaries between the currently separated cyber-physical system sub-disciplines that hamper competitiveness of our students. Finally, the project is strategically important for the competitiveness of the United States as it strengthens its presence in international standardization efforts for model exchange and co-simulation.",National Science Foundation,NSF|abstract|noise,"Computing, Networking & Robotic Systems"
896293,CSR: Small: Towards Confederated Web-Based Services,"Users today have access to a broad range of free, web-based social services. All of these services operate under a similar model:  Users entrust the service provider with their personal information and content, and in return, the service provider makes their service available for free by monetizing the user-provided information and selling the results to third parties (e.g., advertisers).  In essence, users pay for these services by providing their data (i.e., giving up their privacy) to the provider.This project is using cloud computing to re-architect web-based services in order to enable end users to regain privacy and control over their data.  In this approach---a confederated architecture---each user provides the computing resources necessary to support her use of the service via cloud providers.  All user data is encrypted and not exposed to any third-parties, users retain control over their information, and users access the service via a web browser as normal.The incredible popularity of today's web-based services has lead to significant concerns over privacy and user control over data.  Addressing these concerns requires a re-thinking of the current popular web-based business models, and, unfortunately, existing providers are dis-incentivized from doing so. The impact of this project will potentially be felt by the millions of users who use today's popular services, who will be provided with an alternative to the business models of today.",National Science Foundation,NSF|abstract|assigned,"Computing, Networking & Robotic Systems"
900571,Pheromonal control of gamete determination and differentiation in Ceratopteris,"In animals, the gender of an individual and the gamete it produces is typically determined by a process that depends on specific chomosomes, such as the X and Y chromosomes in humans.  Very little is known about this process in plants despte the fact that the production of gametes is essential for plants to reproduce. This project seeks to discover how plant gender is determined using a species whose gender is epigenetically determined by a chemical pheromone that is produced by hermaphroditic individuals and causes its neighbors to become male. To determine how the presence or absence of the pheromone determines gender type at the molecular level, all of the genes that are expressed throughout male and hermaphrodite development will be identified by sequencing expressed genes, and co-expression networks underlying gender determination and differentiation identified. Using a simple reverse genetics approach (RNAi), the functions of transcription factors that change significantly in their expression with respect to gender will be tested. The discovery of plant gender-determining genes has important implications in food production, as grain, fruit and seed production depend on a plant's ability to produce egg and sperm at the right time and place. The research described will be performed by undergraduate and graduate students, including members of groups underrepresented in science, providing them with training in biology, biochemistry, statistics, bioinformatics and critical thinking.",National Science Foundation,NSF|abstract|noise,Biomedical Sciences
934039,Validation of New Antimalarial Leads,"DESCRIPTION (provided by applicant): This grant application focuses on hit-to-lead studies that will evaluate a series of hits arising from a cellular high throughput screen that detected inhibitors of Plasmodium falciparum growth in the intra-erythrocytic stages. For each novel hit series, we will explore structure activity relationships that govern potency, cellular selectivity, and efficacy. structure property relationships that govern adsorption, distribution, metabolism, and excretion. and mechanism of action. In each case, the purpose of the studies is to evaluate the potential for the development of each novel series in the context of the existing portfolio of antimalarial drugs and development candidates. The series will be prioritized based upon these studies with the ideal series having novel mechanism of action, high inherent selectivity for Plasmodium versus the human host, and physiochemical properties that are compatible with development of an orally available drug candidate. As such, the project is a perfect adjunct to ongoing MMV support of lead-candidate development as it will provide a pipeline of new inhibitor types for further development. The specific aims of this program are: 1. To validate by re-synthesis and limited structure activity relationship studies as many hits as possible from the SJCRH screen. 2. To execute hit-to-lead studies on at least 5 validated hits, either progressing them to early lead status or disqualifying them from further work. 3. To assess liabilities for each early lead and develop specific plans for their later development.",National Institutes of Health,NIH|abstract|noise,Biomedical Sciences
945794,"Conference on Bifurcation Theory, Integrable Systems and the Bispectral Problem","This proposal is to provide support for the participation of US researchers and graduate students in an international conference on Bifurcation Theory, Integrable Systems and the Bispectral Problem at Sofia University in Sofia, Bulgaria during May 15-19, 2010.The conference will stimulate the exchange of ideas between US and foreign mathematicians in the areas of integrable systems, the bispectral problem and bifurcation theory. In each of these three areas mathematicians use similar algebro-geometric, representation theoretic, and analytic methods. By bringing researchers in these three areas together, the conference will create new collaborations and strengthen ongoing collaborations between US and European mathematicians. It will expose a number of young researchers and graduate students from the US to fundamental research by leading mathematicians. Informal sessions will provide ample opportunities for junior researchers and graduate students to interact with experts in the fields. The conference will also provide a valuable opportunity for the US graduate students to exchange ideas and education experience with their European peers. This award is co-funded by the Office of International Science and Engineering.",National Science Foundation,NSF|abstract|assigned,Mathematics & Fundamental Physics
946395,HCC: Assessing Cognitive Function from Interactive Agent Behavior,"This is a project to develop new methods for scientifically studying and assessing human cognitive function. It will employ sophisticated statistical multimodal data analysis techniques that will fuse contextual, behavioral, and neural information simultaneously obtained from human beings in the process of completing complex batteries of cognitive tasks. The tasks will be presented in the form of customized computer games that are designed to exhibit the crucial aspects of established cognitive assessment tests and at the same time provide a motivating and engaging environment for the subject's interactions with the game and computer agents. The tasks will involve exploiting our existing capabilities of monitoring and controlling certain enjoyable and challenging computer games that involve various combinations of cognitive tasks ranging from working memory and attention to executive functions. Multimodal information fusion will be accomplished by utilizing Bayesian inference techniques and information theoretic data analysis and dimensionality reduction methods.  The work to be carried out under this grant aims to develop sophisticated pattern analysis techniques for the purpose of analyzing the fine-grain behaviors of elderly when they are engaged in complex cognitive tasks in the form of computer games. Expected significant scientific findings from the proposed research are two-fold: (1) improved statistical signal processing and pattern recognition algorithms for EEG processing, (2) an enhanced understanding of the interplay of multiple cognitive processes and their neural signatures in EEG during the execution of complex tasks.  The approach is innovative in terms of three aspects: (1) an advanced adaptive interaction protocol that modifies the task parameters to maintain maximal sensitivity to cognitive state changes will be employed, (2) novel information theoretic techniques will be developed and utilized for the extraction of maximally discriminative features from EEG measurements for cognitive state estimation and neural activity visualization, (3) the developed closed-loop system will be utilized to study the human-agent interaction in complex cognitive tasks resulting in mathematical models of micro-behavior in realistic evolving environments as opposed to traditional stationary repetitive experimental paradigms.  The successful completion of the work will open the way to further collaborative activities in brain interface design, closed-loop collaborative augmented cognition human-agent interfaces for improved performance, and early diagnosis of cognitive decline in elderly. An interdisciplinary research environment will engage the participating graduate students in a multidisciplinary educational setting and will help them develop skills to perform collaborative interdisciplinary research.",National Science Foundation,NSF|abstract|assigned,"Computing, Networking & Robotic Systems"
954799,Automated Function Prediction (AFP 2014),"DESCRIPTION (provided by applicant): We propose to organize a meeting titled Automated Function Prediction in the Summer of 2014 (AFP 2014). The meeting will consist of two components, the first being a series of talks (invited and contributed) and discussion sections dedicated to protein function research, with an emphasis on the theory and practice of computational methods utilized in functional annotation. The second component will provide a large-scale assessment of computational methods through participation in the 2nd Critical Assessment of Functional Annotation (CAFA), an experiment inspired by a highly-regarded CASP assessment protocol for protein structure prediction. Understanding protein function is critical to understanding life at the molecular level. It also provides important insights into understanding disease since many conditions arise as a consequence of the loss, disruption or gain of protein function. However, the rapidly growing number of sequenced organisms poses a challenge for functional genomics projects because of the need to experimentally annotate known proteins. Therefore, protein function prediction research is important for biomedical research. AFP 2014 will stimulate discussion and the exchange of ideas/experience regarding functional ontologies, experiments leading to functional annotations, biocuration, methodologies for predicting function, and effectiveness of these algorithms. The AFP 2014 meeting will be associated with the 22nd annual international conference on Intelligent Systems for Molecular Biology (ISMB), the official conference of the International Society for Computational Biology (ISCB). ISMB 2014 will be held in Boston, Massachusetts, in July of 2014, with AFP 2014 as a Special Interest Group meeting. This will not only ensure wide participation from the ISCB community, but also reduce costs compared to a stand-alone meeting. By organizing the CAFA challenge, we aim to not only assess the current methodology for function prediction, but also provide incentive for investigators to develop new and more accurate techniques that are necessary for the continuous progress of the field. The organizers of the meeting will strongly encourage broad participation of senior and junior scientists (including post-docs and students) as well as diversity. Collaboration is established with Jackson State University. Funding is requested for travel allowances only.",National Institutes of Health,NIH|abstract|noise,Mathematics & Fundamental Physics
963776,"Doctoral Dissertation Research in Political Science: Ethnicity, Civic Participation, and Public Goods in Kenya","This project analyzes the determinants of local public goods spending in a developing democracy, Kenya, by examining variation in the management of the country's Constituency Development Fund (CDF) between several different parliamentary constituencies. It focuses on how local demographic features like ethnic divisions and civic participation in public life jointly shape the incentives of politicians to target particular communities for public works projects. Original survey research and interview data will examine the extent to which these social features lead politicians to privilege the interests of certain groups over others, as well as how politicians manage the fund in ways that are consistent with their political goals. In so doing, this study contributes to the growth of generalizable knowledge about the efficacy of democratic governance in the developing world, where governments struggle to deliver basic services to their citizens.Intellectual Merit: Recent work on ethnicity and public goods has helped clarify the mechanisms by which ethnic diversity negatively impacts levels of public goods provision. However, this research too often focuses on diversity itself rather than examining the political salience of ethnic divisions. This focus tends to examine ethnicity in a vacuum, isolated from the political institutions and social contexts in which actual distributive decisions take place. By critically examining how ethnic identity interacts with these contextual features, the present study will offer a more complete picture of distributive politics in developing-world democracies. In addition, by systematically comparing constituencies with varying levels of civic participation, the study facilitates a test of theories suggesting that widespread civic engagement can induce greater public accountability from legislators.Broader Impact: This research speaks directly to matters of practical concern about the performance of new democracies in Africa. Understanding how ethnic identity and the behavior of civil society impact public goods provision is essential for ensuring representative governance and promoting equitable development. The information will be useful to policymakers eager to expand access to public goods provision to broader segments of the population. In addition, the investigators will be able to share the results of the research broadly within academic communities in Kenya, at the universities with which the researchers are obtaining research affiliations, as well as in seminars and conferences in the United States. Survey data from this project will likewise be made publicly available.",National Science Foundation,NSF|abstract|assigned,"Social Science, Public Policy & Education Research"
971359,"Identity, function, and transport of lignocellulose-active enzymes in wood-eating (xylotrophic) bivalves (shipworms)","Shipworms are worm-like marine clams that burrow in wood, using wood for both food and shelter. Because few animals eat wood, there is great interest in those that can. Previous research in this investigator's laboratory suggested that shipworms digest wood using a method that is different from any other animal. Most animals that eat wood, e.g. termites or wood-eating roaches, do so with the help of enzymes made by bacteria and other microbes that live in their digestive systems. Shipworms, however, have few bacteria in their digestive systems. Instead, they rely on bacterial symbionts that live inside the cells of their gills to produce the digestive enzymes they need. This is unique because no other known animal relies on intracellular symbionts to produce digestive enzymes. In this project, the enzymes produced by these bacteria will be identified in order to characterize their functions, and to determine how these enzymes are transported from inside the cells of the shipworm's gills to their digestive system. These enzymes are potentially valuable because they convert wood, the most abundant biomaterial on earth, into soluble sugars that can be fermented into renewable biofuels, e.g. ethanol. They may also be used in production or processing of paper, textiles, detergents, food, animal feed and waste materials. This project will contribute to Ocean Genome Legacy's ongoing postdoctoral training and graduate education programs, public outreach for environmental literacy, and internship programs for undergraduate, high school, and minority students. The investigators will also work with colleagues in the Pacific Northwest to develop a STEM education program for Native Alaskan students and teachers that integrates shipworm biology with traditional Native Alaskan ecological knowledge and Western science. this program will utilize educational curricula translated into the Haida language.",National Science Foundation,NSF|abstract|noise,Environmental Science & Ecology
973781,Lighting the Pathway to Faculty Careers for Natives in STEM,"This award to the American Indian Science and Engineering Society (AISES) is aimed at increasing the number of American Indian and Alaska Native (AI/AN) students who persist in science, technology, engineering and mathematics (STEM). The long term goal is to increase the number of AI/AN individuals who pursue faculty positions in STEM disciplines at US colleges and universities. The dearth of STEM faculty from the AI/AN group has been a long-standing national problem. Many public and private entities have made investments to improve the representation of Natives in STEM fields -- including in faculty positions -- and these investments have not made much of a difference in the percentage of students persisting in STEM among AI/AN. This project, Lighting the Pathway to Faculty Careers for Natives in STEM, will implement a 5-year pilot program at the national level, using the extensive network of individuals who are engaged in AISES national efforts or its 184 college student chapters. To continue to maintain US competiveness in the global economy, the country must utilize all of its talents in order to advance scientific knowledge and technological innovation. This project will help achieve that.Through the AISES national network, this project will recruit students majoring in the biological sciences, mathematical and physical sciences, geosciences, computer and information science, and engineering -- at all academic levels (undergrad, graduate and postdoc). Over the course of 5 years, it is expected that an average of 35 students will participate in the program each year. The students will be provided a strong and persistent support and mentoring system so that they can overcome barriers to the completion of their STEM degrees. Students will be provided information relevant to success in a STEM career, research experience, leadership training, role models, and other tools to help them advance to the next academic level. Frequent face-to-face and virtual meetings will expose participants to topics such as balancing life and career, effective study habits, overcoming geographic and cultural isolation, graduate school and career preparation, strategies for success as a STEM major, and writing successful graduate fellowship applications. The network of Native scholars ranging from undergraduates to senior faculty will create a supportive environment conducive to continued success in the students' pursuit of a STEM career. Participants will attend the AISES National Conference to foster strong professional and personal ties with their peers, and a conference in their chosen STEM field in order to present the results of their research. An external evaluation will assess the impact of the program on student persistence in STEM before, during, and after students' participation. These findings will serve as a guide for future, expanded-scale projects and will also inform application to other underrepresented groups.This project is supported by the Directorates for Biological Sciences (BIO), Mathematics and Physical Sciences (MPS), Engineering (ENG), Education (EHR), Geosciences (GEO), and Computer and Information Science and Engineering (CISE), and the Office of International and Integrative Activities (OIIA).",National Science Foundation,NSF|abstract|assigned,"Workforce Development & Institutional Partnerships"
977679,NEH Workshop on Military History: Doing the History of the Military & Foreign Policy in the Digital Age,"A Cooperative Agreement between the NEH and the NuLab at Northeastern University, with further participation from the Society for Military History, to host a two-day professional development workshop on the application of digital humanities methodologies to military history.",National Endowment for the Humanities,Other|abstract|noise,"Workforce Development & Institutional Partnerships"
977746,NeTS: Small: Collaborative Research: Dynamic Forwarding and Caching for Data-Centric Networks: Theory and Algorithms,"Two fundamental trends in networking are clearly visible.  First, the bulk of network traffic today, and of its projected enormous growth, consists mainly of content disseminated to multiple users.  Second, network content is accessed increasingly in mobile wireless environments with dynamic and unreliable channel conditions. Traditional network protocols, designed originally for point-to-point communication over static wired networks, are fundamentally ill suited for such scenarios. Motivated by these trends, this project will develop dynamic and distributed algorithms which can fully exploit network resources (both bandwidth and storage) for efficient and robust content dissemination under changing network conditions.This project builds on recent active research efforts in data-centric networking, which places information content, rather than source-destination pairs, at the center of the network architecture.  While there have been a number of significant results in data-centric networking research, the central problem of the joint design and optimization of dynamic caching and forwarding algorithms has yet to be thoroughly studied.  This project will study the fundamental limits of caching and forwarding, as well as the design of practical and robust algorithms for optimizing the use of bandwidth and storage in data-centric content delivery.  Unlike many existing works on centralized algorithms for static caching, this project will develop scalable, distributed, dynamic algorithms that can address large-scale caching and forwarding under changing content, user demands and network conditions.To achieve this goal, the project will take two complementary approaches.   The first approach is based on a stochastic model for distributed caching and forwarding recently developed by the PIs.  This approach significantly expands on classical backpressure-based routing techniques to incorporate caching within a unified framework, leading to new algorithms which maximize user demand rate satisfied by the network.  The second approach is based on a flow-based distributed convex optimization framework, in which content-specific routing and caching are carried out on a distributed node-by-node basis to minimize a global cost objective such as delay.This project addresses both practical and theoretical issues, and consists of the following main thrusts: (1) the design of jointly optimal forwarding and caching algorithms for minimizing delay. (2) the design of scalable, robust, hierarchical dynamic caching and forwarding algorithms which operate with dynamically adjusted name resolutions.  (3) the development of algorithms which combine dynamic caching and forwarding with congestion control for fairness and enhanced performance.  (4) the exploration of coding techniques in storage and transmission for obtaining practical advantages in performance and reliability, as well as for enabling the study of fundamental performance limits in caching and forwarding.  (5) the development of  low-complexity, dynamic forwarding and caching algorithms delivering lower user delay and greater resilience to multi-user interference and channel fading in mobile wireless environments. and (6) development of algorithms for querying and caching which lead to optimal decision making in a sensing context.The broader significance of this work will include: (1) direct and long-term impact on network architectures for big data applications used in national security, commercial enterprise, scientific exploration and research, health services, and other important social projects. (2) impact on undergraduate and graduate education, with particular emphasis on involving female and minority students, through a planned course segment on 'theory and algorithms for data-centric networking' and active hands-on projects involving testbed investigation and validation. (3) enhancement of infrastructure for research and education through active partnering with other university departments, government research institutions and industry. and (4) broad dissemination to enhance scientific and technological understanding by participation in multi-disciplinary conferences and workshops, and exposure to broader media.",National Science Foundation,NSF|abstract|noise,"Computing, Networking & Robotic Systems"
988396,SusChEM: Engineered protein-based biofilms as functional advanced materials,"Nontechnical: This SusCheM award by the Biomaterials program in the Division of Materials Research to Harvard University is part of a broad effort to domesticate bacterial biofilms for the extraction of rare earth metals and materials. Biofilms are communities of bacterial cells living inside a self-generated biopolymer matrix. This project aims to genetic engineer a non-pathogenic laboratory strain of E. coli to produce altered forms of this biopolymer matrix that have beneficial functions. Specifically, biofilms will be modified the surfaces of proteins with metal binding capabilities. This modification will allow the biofilms to selectively bind to rare earth elements. Rare earths are essential for a variety of cutting edge technologies, including smartphone displays, electric vehicles, and wind turbines. As such, their availability is critical to technological innovation and resource independence in the United States. Despite this, more than 90% of the world's rare earth metals are mined and extracted outside United States because of the lack of environmental and sustainable technologies. The engineered biofilms research proposed aims to develop cheaper, sustainable, green and environment-friendly technologies to extract rare earth metals in USA. Integrated with the research plan will be an intensive student trainings program that will incorporate new teaching initiatives in the fields of biomaterials and bioengineering, and recruiting and mentorship of several graduate and undergraduate students with a focus on women and underrepresented minority students. Undergraduate students will be exposed to STEM topics with a focus on genetic engineering through established internship programs in the Campus. Coordination of outreach activities with local high schools to stimulate interest in STEM education is also part of this project.Technical: The overall goal of this SusCheM project is to develop a platform for genetically engineering bacterial biofilms that can serve as scalable materials with programmable, non-natural functions. With this award, the Principal Investigator will study the genetic modification and characterization of the proteinaceous mesh-like surface coating present in biofilms secreted by bacteria. This proteinaceous surface coating called 'curli' contains structural proteins, which self-assemble into an encapsulating network of amyloid fibers in the biofilm. This research involves genetic fusion of peptide motifs to the 'curli' proteins such that the fused peptides are on the surface of the amyloid fibers in the biofilm. These modified 'curli' proteins will be studied for structural and functional properties with a focus on specific metal binding capabilities. The peptide modified biofilms will be produced, and their ability to form extracellular amyloids networks will be characterized as a function of peptide linker length. A plate-based screening strategy will be used to evaluate the composition and metal binding properties of the engineered biofilms and identify those that can selectively and efficiently enrich rare earth elements. The system will also be integrated in a laboratory scale continuous flow separation apparatus to evaluate its potential in an industrially relevant model. Ultimately, the results of this investigation will facilitate the development of a wide range of biofilm-based materials using renewable sources. The research will be integrated with a cross-disciplinary mentoring plan in which graduate and undergraduate students will be trained in subfields of molecular biology, materials science, and chemical/biological engineering.",National Science Foundation,NSF|abstract|noise,Biomedical Sciences
992503,"Understanding and Preventing Youth Crime: A Comparative Study in France, Germany, the Netherlands, the UK and the US","Criminal offending, alcohol and drug use and victimization among teenagers remain pressing problems worldwide.  A large number of different policies and programs targeting these youth problems exist and research supports the idea that such programs work best if they have a sound theoretical basis. While there are numerous theories focused on youth problems,  recent thinking suggests there is a need for an integrated approach, combining individual, situational and macro-level theories. The first goal of the current study is to collect survey data on 3,600 7th, 8th and 9th graders in 4 US cities in order to develop and test such integrated theory.At the same time, youth crime and victimization is a problem for many countries. Studying national and local youth policies and programs sheds light on why some countries have less serious youth-related problems than others. Therefore, the second goal of the study is to compare the experiences of American adolescents with those in the UK, France, Germany and The Netherlands to determine whether the same theories apply across countries, and to provide a comparative analysis of youth-related crime policies. Primary focus is on comparison between US, UK, Germany, France and The Netherlands, but analyses will also include 25 other countries which are part of the larger International Self-Report Delinquency (ISRD) study which collects self-administered surveys among random samples of 7th, 8th and 9th graders. All countries use the same research design, making results comparable. Information on youth policies will be collected through interviews with experts and open source documents. National data will be merged into an international data base for joint analysis and for the preparation of academic and policy papers, in the US and abroad.In terms of broader impacts, the five Understanding and Preventing Youth Crime countries will assemble comprehensive information on the organisation of youth justice at the country-level in order to provide a comparative analysis of youth justice policies and structures, to set against the findings from the UPYC survey. The study will contribute to the development of an integrated theory of youth offending, and will trace the implications of this for youth justice policy. The project will have a broader impact by potentially improving youth policies which better the well-being of teenagers in general.",National Science Foundation,NSF|abstract|assigned,"Social Science, Public Policy & Education Research"
992506,Understanding and Reducing Thermal Noise via Atomistic Simulations,"The research project is a computational oriented theoretical effort that aims at understanding the physical origin of thermal noise in optical coating materials at the atomic level and providing guidance for the optimal ratio of metallic elements in composite amorphous oxides (silica, titania, tantala, hafnia etc). Thermal noise that is caused by atomic movement at finite temperature affects the performance of ultra high-resolution interferometers such as the laser interferometer employed in the Laser Interferometer Gravitational-Wave Observatory (LIGO) and is of special interest to the LIGO Scientific Collaboration (LSC). The project will provide rigorous training for graduate students in computational physics. The PI has collaborations with a number of international experimental and computational materials physics groups including a group at Glasgow UK, ETH Zurich, and a group at Fudan University Shanghai. She also visits Colombi at the Institute of Astrophysics Paris to discuss issues regarding large-structure simulations. The LSC is an international organization. It also has a tight relation with other organizations that focus on gravitational wave observations. The optical group organizes focus sessions at LIGO meetings jointly with other gravitational organizations (VIRGO, AGO etc.) and in independent workshops.Advanced LIGO, the major upgrade of LIGO, is expected to be limited by thermal noise in the most critical ~50-150 Hz frequency band while the performance of several state-of-the art frequency stabilization systems is limited by thermal noise at frequencies as low as a few Hz. This project also studies mechanical properties of crystalline materials (GaAs/AlGaAs, and GaP/AlGaP), a new paradigm for optical coating that has been demonstrated experimentally. Improving dielectric coatings and reducing thermal noise have applications in many high precision optical measurements far beyond LIGO, such as time and frequency measurements, measurements of the equivalence principle, and many others. The computational approach of characterizing amorphous materials will also be useful to many other areas such as nano-scale science, materials science, and bio-science.",National Science Foundation,NSF|abstract|assigned,Materials Science & Structural/Civil Engineering
